position_id,person_id,ticker,sector,direction,asset_type,open_date,close_date,disclosure_date,disclosure_lag_days,holding_days,is_open,return_basis,disclosure_drift_pct,position_return_pct,spy_return_pct,sector_etf,sector_etf_return_pct,alpha_vs_spy,alpha_vs_sector_etf,sector_benchmark_is_fallback,est_amount_mid,est_open_amount_mid,is_partial_lot,amount_range_text,matched_event_id,matched_event_days_before,price_data_complete
18fe272f67a2bf178ffb::bb64611e38dbac6a8eda,synthetic-member-alpha,ZZAA,energy,long,equity,2020-09-17,2024-02-29,2020-11-03,47,1260,False,underlying_adjusted_close,0.025242117376428563,0.09734887812487791,0.4986847953072455,XLE,1.564356282542426,-0.4013359171823676,-1.467007404417548,False,8000.5,32500.5,True,"$15,001 - $50,000",,,True
18fe272f67a2bf178ffb::open,synthetic-member-alpha,ZZAA,energy,long,equity,2020-09-17,,2020-11-03,47,1566,True,underlying_adjusted_close,0.025242117376428563,0.8329449855921724,0.6529746402670271,XLE,1.5579365310542714,0.17997034532514533,-0.724991545462099,False,24500.0,32500.5,True,"$15,001 - $50,000",,,True
50a2c9018d583852a4b5::open,synthetic-member-alpha,ZZAA,energy,long,equity,2022-06-22,,2022-07-18,26,923,True,underlying_adjusted_close,-0.09491893525958217,1.0844338196687402,0.40022596810040056,XLE,1.1128100634161555,0.6842078515683396,-0.02837624374741532,False,8000.5,8000.5,False,"$1,001 - $15,000",,,True
439fb53706c669ff1d0a::open,synthetic-member-alpha,ZZAA,energy,long,equity,2024-05-21,,2024-10-01,133,224,True,underlying_adjusted_close,0.0885434888832013,0.3301703003471157,0.05474611905665139,XLE,-0.1218454808775159,0.2754241812904643,0.4520157812246316,False,175000.5,175000.5,False,"$100,001 - $250,000",,,True
0b35e656b9622182f79f::baad27b64e095c358c61,synthetic-member-alpha,ZZAA,energy,short,option_put,2020-04-01,2022-05-03,2020-05-19,48,762,False,underlying_proxy_for_option,-0.011216183740075714,0.122884295435435,0.05541757762006427,XLE,0.16057647911266204,0.06746671781537072,-0.03769218367722704,False,8000.5,75000.5,True,"$50,001 - $100,000",,,True
0b35e656b9622182f79f::open,synthetic-member-alpha,ZZAA,energy,short,option_put,2020-04-01,,2020-05-19,48,1735,True,underlying_proxy_for_option,-0.011216183740075714,-0.7134407286650277,0.4632756559932405,XLE,1.4601325680608852,-1.1767163846582682,-2.173573296725913,False,67000.0,75000.5,True,"$50,001 - $100,000",,,True
4748d2f80e1e2ebe14ba::71e6c398286ee5117a29,synthetic-member-alpha,ZZBB,defense,long,equity,2020-11-12,2022-05-04,2020-12-22,40,538,False,underlying_adjusted_close,0.05014531929092514,0.08222662273208203,0.09493332369150798,ITA,0.2080851560241359,-0.012706700959425943,-0.12585853329205388,False,8000.5,8000.5,False,"$1,001 - $15,000",,,True
28551a01099e7e3778e2::00c80e787f51a4371d2f,synthetic-member-alpha,ZZCC,technology,short,option_put,2019-09-18,2024-07-01,2019-10-09,21,1748,False,underlying_proxy_for_option,-0.014174440897053442,-0.46729767881378015,0.5810474741605256,XLK,1.72166633855195,-1.0483451529743057,-2.18896401736573,False,32500.5,32500.5,False,"$15,001 - $50,000",,,True
4946364067406f62a201::open,synthetic-member-alpha,ZZEE,health_care,short,option_put,2024-02-16,,2024-04-05,49,319,True,underlying_proxy_for_option,-0.05958519906532289,-0.1156506326617992,0.11791520718136939,XLV,-0.12959316482777095,-0.2335658398431686,0.013942532165971744,False,8000.5,8000.5,False,"$1,001 - $15,000",,,True
4fc5f8711c2d27082cf9::open,synthetic-member-alpha,ZZHH,utilities,short,option_put,2021-04-30,,2021-06-29,60,1341,True,underlying_proxy_for_option,-0.1379435926828103,0.07484291498835127,0.4684778456878218,XLU,0.646188012499094,-0.39363493069947053,-0.5713450975107427,False,32500.5,32500.5,False,"$15,001 - $50,000",,,True
c3fb230c1c891cfbb2e8::open,synthetic-member-alpha,ZZII,consumer_discretionary,long,option_call,2024-03-26,,2024-07-05,101,280,True,underlying_proxy_for_option,0.06767011384790611,-0.03511746098591606,0.14559775098424543,XLY,0.24899517640785018,-0.1807152119701615,-0.28411263739376624,False,75000.5,75000.5,False,"$50,001 - $100,000",,,True
aba80459fca7467adad4::open,synthetic-member-alpha,ZZII,consumer_discretionary,short,option_put,2019-03-27,,2019-05-20,54,2106,True,underlying_proxy_for_option,0.030564230689152483,-1.3987953957348087,0.41512129365578065,XLY,1.476664256966508,-1.8139166893905894,-2.8754596527013168,False,3000000.5,3000000.5,False,"$1,000,001 - $5,000,000",,,True
81cbd9ea5340c34b7439::open,synthetic-member-alpha,ZZII,consumer_discretionary,short,option_put,2024-02-09,,2024-03-06,26,326,True,underlying_proxy_for_option,-0.057903342290497095,-0.010153400720397388,0.11060709123649537,XLY,0.25857513735367643,-0.12076049195689276,-0.2687285380740738,False,175000.5,175000.5,False,"$100,001 - $250,000",,,True
279f6d1e39b68fe8afbb::8f2e6f5be5bd71a8b710,synthetic-member-alpha,ZZJJ,real_estate,long,equity,2020-08-28,2022-02-10,2020-10-28,61,531,False,underlying_adjusted_close,0.010166182637864063,-0.184157795142742,0.15056654431260652,XLRE,-0.332613589627032,-0.3347243394553485,0.14845579448429003,False,175000.5,375000.5,True,"$250,001 - $500,000",,,True
279f6d1e39b68fe8afbb::e569165df4aae5d0a1f6,synthetic-member-alpha,ZZJJ,real_estate,long,equity,2020-08-28,2023-02-23,2020-10-28,61,909,False,underlying_adjusted_close,0.010166182637864063,-0.3885795849588882,0.21696240400554667,XLRE,-0.20820074896638308,-0.6055419889644349,-0.18037883599250515,False,8000.5,375000.5,True,"$250,001 - $500,000",,,True
279f6d1e39b68fe8afbb::0342099b3c0a519eb643,synthetic-member-alpha,ZZJJ,real_estate,long,equity,2020-08-28,2024-07-17,2020-10-28,61,1419,False,underlying_adjusted_close,0.010166182637864063,-0.13367189053130257,0.6318984139770654,XLRE,-0.05886745892590439,-0.7655703045083679,-0.07480443160539818,False,191999.5,375000.5,True,"$250,001 - $500,000",,,True
dd2cb9667ff17b8a6459::0342099b3c0a519eb643,synthetic-member-alpha,ZZJJ,real_estate,long,equity,2022-10-07,2024-07-17,2023-04-19,194,649,False,underlying_adjusted_close,0.022853167299275112,0.4506591751723896,0.46738387255640323,XLRE,0.2545627678146325,-0.01672469738401361,0.19609640735775713,False,8000.5,8000.5,False,"$1,001 - $15,000",,,True
1930fd100b1e2429c298::0342099b3c0a519eb643,synthetic-member-alpha,ZZJJ,real_estate,long,equity,2023-10-04,2024-07-17,2023-11-23,50,287,False,underlying_adjusted_close,0.10064544343607906,0.2772692873138265,0.10177777057702486,XLRE,0.24907527777578253,0.17549151673680163,0.028194009538043963,False,8000.5,8000.5,False,"$1,001 - $15,000",SYN-EV-023,7,True
f9cfec952c1771591708::open,synthetic-member-alpha,ZZJJ,real_estate,long,equity,2024-08-02,,2024-08-21,19,151,True,underlying_adjusted_close,-0.031706186017032345,-0.08216918204979062,-0.018615996440562332,XLRE,-0.14406452206446074,-0.06355318560922829,0.06189534001467012,False,32500.5,32500.5,False,"$15,001 - $50,000",,,True
5fd1621840f02de79605::open,synthetic-member-alpha,ZZJJ,real_estate,long,option_call,2022-09-14,,2022-10-05,21,839,True,underlying_proxy_for_option,0.11823726998895423,0.5258709412310232,0.39713057803239526,XLRE,-0.03757801455122234,0.12874036319862792,0.5634489557822455,False,8000.5,8000.5,False,"$1,001 - $15,000",,,True
292b049fcf999bfbf757::open,synthetic-member-alpha::dependent_child,ZZDD,financials,short,short,2019-07-09,,2019-08-09,31,2002,True,underlying_adjusted_close,0.11166422981391932,-0.6885957613468456,0.4683355859070757,XLF,1.4290076255086759,-1.1569313472539213,-2.1176033868555217,False,8000.5,8000.5,False,"$1,001 - $15,000",,,True
f9befdd5c0e14c11c13b::9979d6dd28531003679a,synthetic-member-alpha::dependent_child,ZZFF,gold_mining,long,equity,2021-06-08,2022-02-22,2021-08-05,58,259,False,underlying_adjusted_close,-0.338653270852605,-0.1882217851652802,0.10264075802298533,GDX,0.08699687136362377,-0.29086254318826554,-0.275218656528904,False,8000.5,8000.5,False,"$1,001 - $15,000",SYN-EV-027,1,True
889ce9b4597075eb3461::9979d6dd28531003679a,synthetic-member-alpha::dependent_child,ZZFF,gold_mining,long,equity,2021-08-20,2022-02-22,2021-09-03,14,186,False,underlying_adjusted_close,0.024767159289967866,0.13862279745674955,0.06607164723092418,GDX,0.17756889848812096,0.07255115022582537,-0.038946101031371416,False,67000.0,75000.5,True,"$50,001 - $100,000",,,True
889ce9b4597075eb3461::open,synthetic-member-alpha::dependent_child,ZZFF,gold_mining,long,equity,2021-08-20,,2021-09-03,14,1229,True,underlying_adjusted_close,0.024767159289967866,-0.6859209201433158,0.4926881198451998,GDX,-0.33172329527923483,-1.1786090399885156,-0.354197624864081,False,8000.5,75000.5,True,"$50,001 - $100,000",,,True
c1610e94b5dfe67492af::a4c6d53221686210afd4,synthetic-member-alpha::dependent_child,ZZII,consumer_discretionary,long,equity,2020-06-12,2022-06-10,2020-07-09,27,728,False,underlying_adjusted_close,-0.050798428489956415,1.1917759753289818,0.041504621026937416,XLY,-0.19641666056790874,1.1502713543020444,1.3881926358968906,False,8000.5,32500.5,True,"$15,001 - $50,000",,,True
c1610e94b5dfe67492af::3750542d4e870fb396bb,synthetic-member-alpha::dependent_child,ZZII,consumer_discretionary,long,equity,2020-06-12,2024-04-17,2020-07-09,27,1405,False,underlying_adjusted_close,-0.050798428489956415,1.123790739919312,0.3447502447041826,XLY,0.4218184107155114,0.7790404952151295,0.7019723292038007,False,24500.0,32500.5,True,"$15,001 - $50,000",,,True
df9a6c15ab2873c0b503::3750542d4e870fb396bb,synthetic-member-alpha::dependent_child,ZZII,consumer_discretionary,long,equity,2022-07-29,2024-04-17,2022-09-06,39,628,False,underlying_adjusted_close,0.08316149442900533,0.07274020171500162,0.25428656518215464,XLY,0.7098491457245644,-0.18154636346715303,-0.6371089440095627,False,50500.5,175000.5,True,"$100,001 - $250,000",,,True
df9a6c15ab2873c0b503::ecdcce282e10b9d03ccb,synthetic-member-alpha::dependent_child,ZZII,consumer_discretionary,long,equity,2022-07-29,2024-04-26,2022-09-06,39,637,False,underlying_adjusted_close,0.08316149442900533,0.1694308924873924,0.2328435680366101,XLY,0.6566258274959631,-0.0634126755492177,-0.4871949350085707,False,32500.5,175000.5,True,"$100,001 - $250,000",,,True
df9a6c15ab2873c0b503::open,synthetic-member-alpha::dependent_child,ZZII,consumer_discretionary,long,equity,2022-07-29,,2022-09-06,39,886,True,underlying_adjusted_close,0.08316149442900533,0.07557551029553089,0.3936467212821291,XLY,1.076284445652377,-0.3180712109865982,-1.0007089353568461,False,91999.5,175000.5,True,"$100,001 - $250,000",,,True
26491ec4068f88375946::open,synthetic-member-alpha::dependent_child,ZZII,consumer_discretionary,long,equity,2023-06-13,,2023-10-25,134,567,True,underlying_adjusted_close,-0.13071030689409335,-0.1935953493441267,0.08405295795864709,XLY,0.6697791381164246,-0.2776483073027738,-0.8633744874605513,False,32500.5,32500.5,False,"$15,001 - $50,000",,,True
b64091b3af95f27c52b8::open,synthetic-member-alpha::dependent_child,ZZII,consumer_discretionary,long,etf,2024-02-23,,2024-04-03,40,312,True,underlying_adjusted_close,-0.0076388952331312154,-0.030534184140312948,0.10349307615042602,XLY,0.32501895957754035,-0.13402726029073897,-0.3555531437178533,False,8000.5,8000.5,False,"$1,001 - $15,000",,,True
1be59759f9372a1ce606::open,synthetic-member-alpha::dependent_child,ZZII,consumer_discretionary,long,equity,2024-05-22,,2024-07-04,43,223,True,underlying_adjusted_close,-0.036168803489973755,-0.1499165409897787,0.038383492379139295,XLY,0.18246732773858243,-0.18830003336891799,-0.3323838687283611,False,32500.5,32500.5,False,"$15,001 - $50,000",,,True
cee53bce8f228d3e7d7e::open,synthetic-member-alpha::dependent_child,ZZII,consumer_discretionary,short,short,2024-11-15,,2024-12-20,35,46,True,underlying_adjusted_close,0.06870594475545844,0.07003407380929039,0.023744079894489456,XLY,0.048431419505478024,0.04628999391480093,0.021602654303812363,False,75000.5,75000.5,False,"$50,001 - $100,000",,,True
baf2ec3c6e1d6db8f09d::f1fa4a848916a074e43a,synthetic-member-alpha::joint,ZZBB,defense,long,option_call,2020-07-16,2020-09-24,2020-07-24,8,70,False,underlying_proxy_for_option,-0.014304155114351902,-0.06084159244314691,0.004019344162757843,ITA,-0.08193995257001929,-0.06486093660590475,0.021098360126872384,False,175000.5,175000.5,False,"$100,001 - $250,000",,,True
e1af3341ce40708b7ec6::open,synthetic-member-alpha::joint,ZZBB,defense,long,option_call,2024-05-29,,2024-06-17,19,216,True,underlying_proxy_for_option,0.08777050684367449,0.16372659015605162,0.04818781242503034,ITA,-0.1887745692018974,0.11553877773102128,0.352501159357949,False,375000.5,375000.5,False,"$250,001 - $500,000",,,True
19758be20e0598a62648::5bf4ff0a9fe9f45e80f2,synthetic-member-alpha::joint,ZZCC,technology,long,equity,2021-03-05,2022-04-11,2021-04-15,41,402,False,underlying_adjusted_close,0.11003604977748394,0.47492289268070076,-0.033044257825334156,XLK,0.06522106076877732,0.5079671505060349,0.40970183191192344,False,8000.5,375000.5,True,"$250,001 - $500,000",,,True
19758be20e0598a62648::open,synthetic-member-alpha::joint,ZZCC,technology,long,equity,2021-03-05,,2021-04-15,41,1397,True,underlying_adjusted_close,0.11003604977748394,0.839650467238195,0.39460618568117467,XLK,0.7253821747203255,0.44504428155702036,0.11426829251786952,False,367000.0,375000.5,True,"$250,001 - $500,000",,,True
1302e6ed8cfae1fb4584::open,synthetic-member-alpha::joint,ZZCC,technology,long,equity,2023-02-10,,2023-09-28,230,690,True,underlying_adjusted_close,-0.09458654651139053,0.02203395021814436,0.3274490366923415,XLK,-0.0575847392063189,-0.30541508647419713,0.07961868942446326,False,8000.5,8000.5,False,"$1,001 - $15,000",,,True
a44175784fbfcbc7596c::open,synthetic-member-alpha::joint,ZZFF,gold_mining,long,option_call,2020-03-03,,2020-04-21,49,1764,True,underlying_proxy_for_option,-0.04772309562502541,-0.8524629253370133,0.47853244003145723,GDX,0.07492304412163486,-1.3309953653684705,-0.9273859694586482,False,32500.5,32500.5,False,"$15,001 - $50,000",,,True
92d3ab5111cbba6dfa66::398934fc0583a327fdac,synthetic-member-alpha::spouse,ZZCC,technology,long,option_call,2019-11-28,2022-12-15,2020-07-29,244,1113,False,underlying_proxy_for_option,-0.09024797653321759,0.6480955873033116,0.1604021200175587,XLK,1.2835985924787763,0.4876934672857529,-0.6355030051754647,False,32500.5,32500.5,False,"$15,001 - $50,000",,,True
1bdb43d4e6ab9e208169::open,synthetic-member-alpha::spouse,ZZCC,technology,long,option_call,2024-08-15,,2024-08-21,6,138,True,underlying_proxy_for_option,0.01141443577452983,-0.26517826339085826,0.018095890834387562,XLK,-0.1772075406193261,-0.2832741542252458,-0.08797072277153217,False,75000.5,75000.5,False,"$50,001 - $100,000",,,True
f8c7f57b89918e652ae0::open,synthetic-member-alpha::spouse,ZZDD,financials,long,option_call,2022-06-27,,2022-08-22,56,918,True,underlying_proxy_for_option,0.07908394720074718,0.5150253562109262,0.4009996678952905,XLF,0.21263502724027794,0.11402568831563564,0.3023903289706482,False,32500.5,32500.5,False,"$15,001 - $50,000",,,True
298dc5299a16c3455d96::805dba20772cdcda28c2,synthetic-member-alpha::spouse,ZZEE,health_care,long,etf,2020-01-28,2020-11-05,2020-03-17,49,282,False,underlying_adjusted_close,-0.020881106405887362,-0.13586969716695496,0.010028573989234735,XLV,0.13272839709377227,-0.1458982711561897,-0.2685980942607272,False,8000.5,50000001.0,True,"over $50,000,000",,,True
298dc5299a16c3455d96::open,synthetic-member-alpha::spouse,ZZEE,health_care,long,etf,2020-01-28,,2020-03-17,49,1799,True,underlying_adjusted_close,-0.020881106405887362,0.2661985682592687,0.5049059922783452,XLV,0.19692741128585456,-0.23870742401907652,0.06927115697341413,False,49992000.5,50000001.0,True,"over $50,000,000",,,True
71b8a6649bd9b3dbdb8d::open,synthetic-member-alpha::spouse,ZZEE,health_care,long,equity,2021-07-30,,2021-09-20,52,1250,True,underlying_adjusted_close,-0.11171696671852527,0.6470835398750177,0.4358377960571542,XLV,0.1611897399112534,0.21124574381786343,0.48589379996376425,False,8000.5,8000.5,False,"$1,001 - $15,000",,,True
a5a885f79f39755c26ad::3df804fc339b8ba6b92f,synthetic-member-alpha::spouse,ZZEE,health_care,long,option_call,2021-09-14,2023-11-29,2021-10-01,17,806,False,underlying_proxy_for_option,-0.004097524049297752,0.3977596516147688,0.3496482704357604,XLV,0.2833022677305612,0.04811138117900837,0.11445738388420756,False,8000.5,8000.5,False,"$1,001 - $15,000",,,True
0153933e86d3facf8871::open,synthetic-member-alpha::spouse,ZZEE,health_care,short,short,2024-08-19,,2024-09-06,18,134,True,underlying_adjusted_close,-0.03527504136387427,0.09155237850482156,0.00662194634207558,XLV,-0.12384313719528184,0.08493043216274598,0.2153955157001034,False,175000.5,175000.5,False,"$100,001 - $250,000",,,True
908ff3c2f9f3a9e14cec::open,synthetic-member-alpha::spouse,ZZFF,gold_mining,short,option_put,2022-06-16,,2022-07-12,26,929,True,underlying_proxy_for_option,0.07155820076354968,0.7521384160512004,0.41965247440099773,GDX,-0.290849626978851,0.3324859416502026,1.0429880430300513,False,32500.5,32500.5,False,"$15,001 - $50,000",,,True
a8d19a8602032189c088::34ac7d4d488dee288df5,synthetic-member-alpha::spouse,ZZGG,semiconductors,long,equity,2019-04-26,2020-10-05,2019-05-22,26,528,False,underlying_adjusted_close,0.052312398205625055,-0.4084430151597639,-0.12419293106626061,SOXX,0.1727833379171464,-0.2842500840935033,-0.5812263530769103,False,8000.5,8000.5,False,"$1,001 - $15,000",,,True
3da0d45ef0551128ccdc::ff8dd8426cf2708abc38,synthetic-member-alpha::spouse,ZZGG,semiconductors,long,equity,2020-07-10,2022-10-25,2021-04-16,280,837,False,underlying_adjusted_close,1.01005050004951,4.05310687353099,0.12162782511503667,SOXX,0.6057714296964805,3.9314790484159534,3.44733544383451,False,75000.5,175000.5,True,"$100,001 - $250,000",,,True
3da0d45ef0551128ccdc::b3c77b74214b0e7bd6e2,synthetic-member-alpha::spouse,ZZGG,semiconductors,long,equity,2020-07-10,2024-01-25,2021-04-16,280,1294,False,underlying_adjusted_close,1.01005050004951,1.1345036767579906,0.3681109470032369,SOXX,0.801110729122336,0.7663927297547537,0.3333929476356545,False,8000.5,175000.5,True,"$100,001 - $250,000",,,True
3da0d45ef0551128ccdc::2f2f8efb957faeb9ad3c,synthetic-member-alpha::spouse,ZZGG,semiconductors,long,equity,2020-07-10,2024-07-09,2021-04-16,280,1460,False,underlying_adjusted_close,1.01005050004951,1.4780624449528617,0.5572820651463908,SOXX,1.116470565072461,0.9207803798064709,0.36159187988040076,False,91999.5,175000.5,True,"$100,001 - $250,000",,,True
d4d94059a73e87e70aa4::2f2f8efb957faeb9ad3c,synthetic-member-alpha::spouse,ZZGG,semiconductors,long,equity,2023-06-23,2024-07-09,2023-08-14,52,382,False,underlying_adjusted_close,0.029761606865134294,-0.24693543411040797,0.07305722414242566,SOXX,0.7242873553148987,-0.31999265825283363,-0.9712227894253067,False,32500.5,32500.5,False,"$15,001 - $50,000",,,True
9a55bf5f4328f4d5448a::2f2f8efb957faeb9ad3c,synthetic-member-alpha::spouse,ZZGG,semiconductors,long,equity,2023-09-13,2024-07-09,2024-12-02,446,300,False,underlying_adjusted_close,-0.028106529808914038,-0.05230703306011608,0.10664843875414953,SOXX,0.4711316786218833,-0.15895547181426561,-0.5234387116819994,False,32500.5,32500.5,False,"$15,001 - $50,000",SYN-EV-004,7,True
facc2cf2372a5f170def::2f2f8efb957faeb9ad3c,synthetic-member-alpha::spouse,ZZGG,semiconductors,long,equity,2024-02-26,2024-07-09,2024-08-21,177,134,False,underlying_adjusted_close,0.12089728792767684,0.06790635437083248,0.09473418699959568,SOXX,0.228282135794331,-0.026827832628763204,-0.1603757814234985,False,8000.5,8000.5,False,"$1,001 - $15,000",,,True
0bc9b6fa6ffb75d90181::open,synthetic-member-bravo,ZZAA,energy,short,short,2020-09-21,,2020-11-04,44,1562,True,underlying_adjusted_close,-0.06052978296362821,-0.8626704075563445,0.6752255503781346,XLE,1.624643880688546,-1.537895957934479,-2.4873142882448906,False,32500.5,32500.5,False,"$15,001 - $50,000",,,True
93144a175a0f006bdf2a::454c30eed9e15a69cf4d,synthetic-member-bravo,ZZBB,defense,long,equity,2019-08-01,2020-09-17,2019-09-16,46,413,False,underlying_adjusted_close,0.1022675163143083,0.05631548408699927,-0.10685458498044154,ITA,0.11135586450123247,0.1631700690674408,-0.0550403804142332,False,8000.5,8000.5,False,"$1,001 - $15,000",,,True
3e6c4647d7b808a67ea2::454c30eed9e15a69cf4d,synthetic-member-bravo,ZZBB,defense,long,equity,2019-09-11,2020-09-17,2019-12-17,97,372,False,underlying_adjusted_close,-0.23972680611053643,-0.045048892241112415,-0.06995841002144798,ITA,-0.09029002797564167,0.024909517780335566,0.04524113573452926,False,8000.5,8000.5,False,"$1,001 - $15,000",,,True
b9e11626aa2675f39330::454c30eed9e15a69cf4d,synthetic-member-bravo,ZZBB,defense,long,etf,2020-02-26,2020-09-17,2020-04-23,57,204,False,underlying_adjusted_close,0.043235562931868365,0.07975980765381863,-0.09509825840449526,ITA,0.11234962404182114,0.1748580660583139,-0.03258981638800251,False,375000.5,375000.5,False,"$250,001 - $500,000",,,True
294560f2662a26cb0cb8::open,synthetic-member-bravo,ZZBB,defense,long,equity,2024-03-05,,2024-03-14,9,301,True,underlying_adjusted_close,-0.02172582179422977,0.009021825857974841,0.119091948882186,ITA,-0.06678769654025185,-0.11007012302421115,0.07580952239822669,False,8000.5,8000.5,False,"$1,001 - $15,000",,,True
20e69ca3053544820819::open,synthetic-member-bravo,ZZEE,health_care,long,equity,2023-02-01,,2023-02-10,9,699,True,underlying_adjusted_close,-0.06624598462713038,0.2471196230219448,0.3121546241767099,XLV,-0.12862750256663813,-0.06503500115476513,0.3757471255885829,False,75000.5,75000.5,False,"$50,001 - $100,000",,,True
3ff9779818a32a1db74a::4d4bbae9845c1ddb76d1,synthetic-member-bravo,ZZFF,gold_mining,long,equity,2019-05-06,2019-08-07,2019-05-17,11,93,False,underlying_adjusted_close,0.06697538601210051,-0.1245277181191381,-0.018393451421773177,GDX,-0.28723553106258415,-0.10613426669736492,0.16270781294344605,False,32500.5,75000.5,True,"$50,001 - $100,000",,,True
3ff9779818a32a1db74a::e73bf6aa59c4bf23a875,synthetic-member-bravo,ZZFF,gold_mining,long,equity,2019-05-06,2022-05-16,2019-05-17,11,1106,False,underlying_adjusted_close,0.06697538601210051,0.3333265582196807,0.028221925139200854,GDX,0.30461076731619596,0.30510463308047986,0.02871579090348475,False,32500.5,75000.5,True,"$50,001 - $100,000",,,True
3ff9779818a32a1db74a::open,synthetic-member-bravo,ZZFF,gold_mining,long,equity,2019-05-06,,2019-05-17,11,2066,True,underlying_adjusted_close,0.06697538601210051,-0.7009656795326076,0.4120901521925262,GDX,0.0021506204225283376,-1.1130558317251338,-0.7031162999551359,False,9999.5,75000.5,True,"$50,001 - $100,000",,,True
21f926e429ec456ac1a3::open,synthetic-member-bravo,ZZFF,gold_mining,long,etf,2019-11-08,,2019-11-14,6,1880,True,underlying_adjusted_close,0.0583836968314464,-0.7697799885943194,0.4794833000692349,GDX,0.29923049790888334,-1.2492632886635544,-1.0690104865032026,False,8000.5,8000.5,False,"$1,001 - $15,000",,,True
04afe6037be318bb425b::open,synthetic-member-bravo,ZZFF,gold_mining,long,equity,2020-10-28,,2021-02-08,103,1525,True,underlying_adjusted_close,-0.05381946492107492,-0.7397112303670068,0.5900398454457176,GDX,-0.2447584284002673,-1.3297510758127244,-0.4949528019667395,False,32500.5,32500.5,False,"$15,001 - $50,000",SYN-EV-017,8,True
0ab72248914e20c161e7::open,synthetic-member-bravo,ZZFF,gold_mining,long,equity,2022-12-29,,2023-02-07,40,733,True,underlying_adjusted_close,-0.033902740125527187,-0.8064370181902702,0.3192268868856456,GDX,-0.22854492842824248,-1.1256639050759158,-0.5778920897620278,False,8000.5,8000.5,False,"$1,001 - $15,000",,,True
c1b5457fa47b3564932c::open,synthetic-member-bravo,ZZFF,gold_mining,short,short,2023-02-28,,2023-03-22,22,672,True,underlying_adjusted_close,0.0538799154708951,0.7697937973161748,0.343225330330142,GDX,-0.16916436966372617,0.4265684669860328,0.938958166979901,False,375000.5,375000.5,False,"$250,001 - $500,000",,,True
301b0f95a7ebfcdb14ad::7ad2c5daf47102e5afa2,synthetic-member-bravo,ZZGG,semiconductors,long,equity,2019-05-22,2021-06-11,2019-05-28,6,751,False,underlying_adjusted_close,0.022957482250636208,0.3411192907214662,-0.10821262279337007,SOXX,0.45092520692964233,0.44933191351483626,-0.10980591620817615,False,8000.5,32500.5,True,"$15,001 - $50,000",,,True
301b0f95a7ebfcdb14ad::open,synthetic-member-bravo,ZZGG,semiconductors,long,equity,2019-05-22,,2019-05-28,6,2050,True,underlying_adjusted_close,0.022957482250636208,0.4896933680577107,0.3742510838072024,SOXX,2.8030311250665463,0.11544228425050829,-2.313337757008836,False,24500.0,32500.5,True,"$15,001 - $50,000",,,True
92d04d3bca259748f918::open,synthetic-member-bravo,ZZGG,semiconductors,long,equity,2021-10-26,,2021-11-10,15,1162,True,underlying_adjusted_close,0.023138544556191354,-0.25174031502905225,0.5075167652912043,SOXX,2.022751345567645,-0.7592570803202565,-2.2744916605966976,False,3000000.5,3000000.5,False,"$1,000,001 - $5,000,000",,,True
c9cfc52add59dba2f0b6::55b52ef525cbecc7ad17,synthetic-member-bravo,ZZGG,semiconductors,long,option_call,2022-08-04,2024-10-28,2022-08-15,11,816,False,underlying_proxy_for_option,-0.09305395756913626,-0.35224630082418285,0.35673924879938124,SOXX,1.2160274532533708,-0.7089855496235641,-1.5682737540775538,False,32500.5,32500.5,False,"$15,001 - $50,000",,,True
20d59dd97d2a249f8c44::d57ba6d7437d9c68198b,synthetic-member-bravo,ZZHH,utilities,long,etf,2019-08-12,2019-10-02,2019-09-12,31,51,False,underlying_adjusted_close,-0.0951045268148134,-0.0979102970183171,-0.09148793051148274,XLU,0.03139972641544064,-0.006422366506834365,-0.12931002343375775,False,32500.5,32500.5,False,"$15,001 - $50,000",,,True
3311f2daefacbd3c484c::b0bb30abb6fb2c8febc8,synthetic-member-bravo,ZZHH,utilities,long,etf,2020-03-03,2024-03-29,2020-03-25,22,1487,False,underlying_adjusted_close,0.04861085286143596,0.2174698379136495,0.26305098674981586,XLU,0.34424487051998165,-0.045581148836166374,-0.12677503260633216,False,8000.5,8000.5,False,"$1,001 - $15,000",,,True
a5e4f125242cad5eaab8::b0bb30abb6fb2c8febc8,synthetic-member-bravo,ZZHH,utilities,long,equity,2023-12-25,2024-03-29,2023-12-28,3,95,False,underlying_adjusted_close,0.03457372613285559,0.04806433171995894,-0.04219691851665641,XLU,0.13085051660028513,0.09026125023661535,-0.08278618488032619,False,67000.0,375000.5,True,"$250,001 - $500,000",,,True
a5e4f125242cad5eaab8::open,synthetic-member-bravo,ZZHH,utilities,long,equity,2023-12-25,,2023-12-28,3,372,True,underlying_adjusted_close,0.03457372613285559,0.06302907885209041,0.1212080446406596,XLU,0.18834349877279877,-0.05817896578856918,-0.12531441992070835,False,308000.5,375000.5,True,"$250,001 - $500,000",,,True
1645b7d179156f318ac3::open,synthetic-member-bravo,ZZHH,utilities,long,etf,2024-10-02,,2024-11-13,42,90,True,underlying_adjusted_close,-0.05137306684875165,-0.08697388465937328,0.027132437274642207,XLU,-0.018066699893228066,-0.11410632193401549,-0.06890718476614521,False,32500.5,32500.5,False,"$15,001 - $50,000",,,True
3eb993a0b3e90051f4eb::open,synthetic-member-bravo,ZZHH,utilities,long,option_call,2020-05-07,,2020-06-24,48,1699,True,underlying_proxy_for_option,-0.03922383169043331,0.08290931114674294,0.46587056714067465,XLU,0.46267378007526827,-0.3829612559939317,-0.37976446892852533,False,8000.5,8000.5,False,"$1,001 - $15,000",,,True
13d7093f3800f4ac9de3::open,synthetic-member-bravo,ZZHH,utilities,short,short,2023-04-18,,2023-06-01,44,623,True,underlying_adjusted_close,0.06335376996212827,0.07661683307290978,0.2590551557342706,XLU,0.32168399138493564,-0.18243832266136084,-0.24506715831202586,False,175000.5,175000.5,False,"$100,001 - $250,000",,,True
59c365708ebc12b62d00::open,synthetic-member-bravo,ZZJJ,real_estate,long,option_call,2022-08-11,,2022-09-28,48,873,True,underlying_proxy_for_option,0.12072830695956371,0.614541407549533,0.4018384734662577,XLRE,0.09160311314482383,0.21270293408327534,0.5229382944047092,False,32500.5,32500.5,False,"$15,001 - $50,000",,,True
3ee0497000a7e5876082::1f0a16009b435e1023d0,synthetic-member-bravo::dependent_child,ZZAA,energy,long,equity,2020-02-10,2021-04-14,2020-03-27,46,429,False,underlying_adjusted_close,0.14727258122963938,-0.11080439585235402,0.07037077677826109,XLE,0.060816263440110374,-0.1811751726306151,-0.1716206592924644,False,32500.5,75000.5,True,"$50,001 - $100,000",,,True
3ee0497000a7e5876082::0df2ab884002070cf184,synthetic-member-bravo::dependent_child,ZZAA,energy,long,equity,2020-02-10,2022-11-18,2020-03-27,46,1012,False,underlying_adjusted_close,0.14727258122963938,-0.18110357403668287,0.11960139974775386,XLE,0.17924610346329284,-0.3007049737844367,-0.3603496774999757,False,42500.0,75000.5,True,"$50,001 - $100,000",,,True
d0562c6e64868f6d7863::0df2ab884002070cf184,synthetic-member-bravo::dependent_child,ZZAA,energy,long,equity,2022-02-04,2022-11-18,2022-03-03,27,287,False,underlying_adjusted_close,0.07741269778079696,-0.14245932017726914,0.030817816374979046,XLE,0.05726471081504925,-0.1732771365522482,-0.1997240309923184,False,8000.5,8000.5,False,"$1,001 - $15,000",,,True
1939877d34754083662d::open,synthetic-member-bravo::dependent_child,ZZAA,energy,long,equity,2024-08-01,,2024-08-19,18,152,True,underlying_adjusted_close,0.02198546899944609,0.13822912933459297,-0.0021018587247966236,XLE,-0.09070244085647483,0.1403309880593896,0.2289315701910678,False,8000.5,8000.5,False,"$1,001 - $15,000",,,True
f746369e788d8185202f::52c0bd6af757071753f7,synthetic-member-bravo::dependent_child,ZZDD,financials,long,etf,2019-09-20,2023-05-10,2020-07-14,298,1328,False,underlying_adjusted_close,0.00902000228254507,0.8388752186287276,0.3656280021720062,XLF,0.8152413622713577,0.4732472164567214,0.02363385635736992,False,8000.5,8000.5,False,"$1,001 - $15,000",,,True
23595cecbe7450e2151c::52c0bd6af757071753f7,synthetic-member-bravo::dependent_child,ZZDD,financials,long,equity,2022-11-15,2023-05-10,2023-01-13,59,176,False,underlying_adjusted_close,0.25922543034399004,0.3976892038279747,0.17762661315561767,XLF,0.03866682338038019,0.220062590672357,0.3590223804475945,False,750000.5,750000.5,False,"$500,001 - $1,000,000",,,True
7b3f0cbf7c5a8e169d69::open,synthetic-member-bravo::dependent_child,ZZDD,financials,long,equity,2024-09-26,,2024-11-15,50,96,True,underlying_adjusted_close,-0.06172847076397703,-0.13694352180497293,0.01610510066540738,XLF,0.0683592386219225,-0.1530486224703803,-0.20530276042689544,False,75000.5,75000.5,False,"$50,001 - $100,000",SYN-EV-005,0,True
7a3db68d1f94b6ff6d4e::51837889a34b12e3cff4,synthetic-member-bravo::dependent_child,ZZII,consumer_discretionary,long,equity,2022-02-03,2022-02-09,2022-02-22,19,6,False,underlying_adjusted_close,0.011745855971540431,-0.0038417321601963428,0.026043293421747826,XLY,0.00655289951360305,-0.02988502558194417,-0.010394631673799393,False,8000.5,32500.5,True,"$15,001 - $50,000",,,True
7a3db68d1f94b6ff6d4e::open,synthetic-member-bravo::dependent_child,ZZII,consumer_discretionary,long,equity,2022-02-03,,2022-02-22,19,1062,True,underlying_adjusted_close,0.011745855971540431,-0.03176464204180374,0.4341797972405488,XLY,0.8655694770013427,-0.4659444392823525,-0.8973341190431464,False,24500.0,32500.5,True,"$15,001 - $50,000",,,True
37f2315edd39543cd316::open,synthetic-member-bravo::dependent_child,ZZII,consumer_discretionary,long,equity,2023-03-24,,2024-02-02,315,648,True,underlying_adjusted_close,0.07030188353307443,0.08167958424825805,0.26541604974392174,XLY,0.8141697151147107,-0.1837364654956637,-0.7324901308664526,False,175000.5,175000.5,False,"$100,001 - $250,000",,,True
2f0c8bfe12ff1ae64a88::open,synthetic-member-bravo::dependent_child,ZZII,consumer_discretionary,long,equity,2023-05-15,,2024-01-02,232,596,True,underlying_adjusted_close,-0.1433154385201767,-0.10868645528860688,0.16418510533012864,XLY,0.758447921349443,-0.2728715606187355,-0.8671343766380499,False,75000.5,75000.5,False,"$50,001 - $100,000",,,True
bbba93d51825f2ef2694::open,synthetic-member-bravo::dependent_child,ZZII,consumer_discretionary,long,equity,2024-10-02,,2024-12-31,90,90,True,underlying_adjusted_close,-0.15696469282222225,-0.15696469282222225,0.027132437274642207,XLY,0.07294360450620996,-0.18409713009686446,-0.2299082973284322,False,75000.5,75000.5,False,"$50,001 - $100,000",SYN-EV-018,4,True
c49871c5f49b4bd0b01e::open,synthetic-member-bravo::joint,ZZCC,technology,long,option_call,2020-02-07,,2020-03-11,33,1789,True,underlying_proxy_for_option,-0.07948647650380591,0.14355315916334432,0.5382208794475545,XLK,0.7771213204669043,-0.39466772028421016,-0.63356816130356,False,32500.5,32500.5,False,"$15,001 - $50,000",,,True
01e16254bdee534e1a41::open,synthetic-member-bravo::joint,ZZCC,technology,short,short,2022-09-07,,2022-10-26,49,846,True,underlying_adjusted_close,-0.049092790173247414,0.12105789197186245,0.38892038036294396,XLK,0.1813171996635432,-0.2678624883910815,-0.06025930769168075,False,75000.5,75000.5,False,"$50,001 - $100,000",,,True
93a1a5dde914bc741fb3::open,synthetic-member-bravo::joint,ZZII,consumer_discretionary,long,option_call,2022-06-28,,2022-07-19,21,917,True,underlying_proxy_for_option,0.00016333102511478792,-0.025692985029116877,0.39938737550703096,XLY,1.1749517179708509,-0.42508036053614784,-1.2006447029999676,False,175000.5,175000.5,False,"$100,001 - $250,000",,,True
4988bc5d846ba8138bfa::open,synthetic-member-bravo::joint,ZZII,consumer_discretionary,short,short,2023-01-18,,2023-03-21,62,713,True,underlying_adjusted_close,0.11047276952277252,0.025122733150679033,0.27190623989341955,XLY,0.7380247829714983,-0.24678350674274052,-0.7129020498208193,False,8000.5,8000.5,False,"$1,001 - $15,000",,,True
fb5998aaf63731b38135::open,synthetic-member-bravo::spouse,ZZAA,energy,short,option_put,2020-08-11,,2020-09-11,31,1603,True,underlying_proxy_for_option,-0.00448727672062188,-0.7598778018892796,0.6330880614206384,XLE,1.558636735116718,-1.392965863309918,-2.3185145370059974,False,8000.5,8000.5,False,"$1,001 - $15,000",,,True
6997a7100569b629dd24::open,synthetic-member-bravo::spouse,ZZBB,defense,long,option_call,2023-06-27,,2023-06-30,3,553,True,underlying_proxy_for_option,0.017471303612824896,-0.12328230249796768,0.061370567089112926,ITA,0.2022683152852789,-0.1846528695870806,-0.32555061778324657,False,8000.5,8000.5,False,"$1,001 - $15,000",,,True
ba9e4223ac79a3d63059::open,synthetic-member-bravo::spouse,ZZCC,technology,long,equity,2019-05-08,,2019-06-20,43,2064,True,underlying_adjusted_close,-0.04984618935941365,-0.03716783233598209,0.4062074987366362,XLK,1.2773225428777888,-0.4433753310726183,-1.3144903752137709,False,50000001.0,50000001.0,False,"over $50,000,000",,,True
d3c4d3d7d35f70a41ae3::open,synthetic-member-bravo::spouse,ZZCC,technology,long,equity,2019-11-28,,2019-12-13,15,1860,True,underlying_adjusted_close,0.08700001810708513,0.35946412081047296,0.4814437916397267,XLK,1.1955164522097732,-0.12197967082925376,-0.8360523313993002,False,8000.5,8000.5,False,"$1,001 - $15,000",,,True
13790a08fd62ca878d23::open,synthetic-member-bravo::spouse,ZZCC,technology,long,equity,2023-07-28,,2023-08-07,10,522,True,underlying_adjusted_close,-0.027277632570901433,0.149259700053193,0.1143294542537423,XLK,-0.17186973098740654,0.0349302457994507,0.32112943104059954,False,8000.5,8000.5,False,"$1,001 - $15,000",,,True
9c765c8fb72d2bbbc150::open,synthetic-member-bravo::spouse,ZZDD,financials,short,short,2021-05-11,,2021-06-08,28,1330,True,underlying_adjusted_close,0.0033280228022195546,-0.766532317652084,0.466739258704836,XLF,0.40272932547834506,-1.23327157635692,-1.169261643130429,False,8000.5,8000.5,False,"$1,001 - $15,000",,,True
0c8d9485f89aa895eb79::open,synthetic-member-bravo::spouse,ZZEE,health_care,short,option_put,2022-01-17,,2022-02-25,39,1079,True,underlying_proxy_for_option,-0.09706040729449761,-0.5257770861865008,0.46513699860563396,XLV,0.2615303621834546,-0.9909140847921347,-0.7873074483699554,False,8000.5,8000.5,False,"$1,001 - $15,000",,,True
bb92f23709d295a98167::open,synthetic-member-bravo::spouse,ZZJJ,real_estate,long,equity,2020-02-14,,2020-03-23,38,1782,True,underlying_adjusted_close,0.06267948978992743,0.011203785477925443,0.530458275939564,XLRE,-0.33441437660368,-0.5192544904616385,0.34561816208160545,False,175000.5,175000.5,False,"$100,001 - $250,000",,,True
a31d74a3b3df6ce9e09f::open,synthetic-member-bravo::spouse,ZZJJ,real_estate,long,equity,2024-03-19,,2024-04-18,30,287,True,underlying_adjusted_close,0.028608566510833766,0.11110165559914242,0.14111398377737516,XLRE,-0.02637160238879277,-0.03001232817823274,0.1374732579879352,False,750000.5,750000.5,False,"$500,001 - $1,000,000",,,True
7d32d5f84ab3930b9414::open,synthetic-member-charlie,ZZBB,defense,short,option_put,2020-03-06,,2020-03-12,6,1761,True,underlying_proxy_for_option,0.004893879638144694,0.1613053399501203,0.5146827067296809,ITA,0.9335667505266019,-0.35337736677956055,-0.7722614105764816,False,75000.5,75000.5,False,"$50,001 - $100,000",,,True
813ad01eb1dbfba8102b::1925da28257cecd29e96,synthetic-member-charlie,ZZDD,financials,long,equity,2019-08-21,2020-05-13,2019-08-30,9,266,False,underlying_adjusted_close,-0.02336761943766985,0.0843214087291928,0.025068609263400266,XLF,0.36752447528076515,0.05925279946579254,-0.28320306655157235,False,8000.5,32500.5,True,"$15,001 - $50,000",,,True
813ad01eb1dbfba8102b::0f56b02a4212378fda76,synthetic-member-charlie,ZZDD,financials,long,equity,2019-08-21,2022-04-14,2019-08-30,9,967,False,underlying_adjusted_close,-0.02336761943766985,0.08356608495546092,0.037566117865567294,XLF,0.6662933780969835,0.04599996708989362,-0.5827272931415226,False,8000.5,32500.5,True,"$15,001 - $50,000",,,True
813ad01eb1dbfba8102b::open,synthetic-member-charlie,ZZDD,financials,long,equity,2019-08-21,,2019-08-30,9,1959,True,underlying_adjusted_close,-0.02336761943766985,0.8309132200123872,0.5005162395333913,XLF,1.3995260319405682,0.3303969804789959,-0.568612811928181,False,16499.5,32500.5,True,"$15,001 - $50,000",,,True
e479f7c742e2ddd5db65::open,synthetic-member-charlie,ZZDD,financials,long,equity,2021-09-23,,2021-10-19,26,1195,True,underlying_adjusted_close,0.021270112493732007,0.5808905584686246,0.42697040174329426,XLF,0.5479683399850639,0.15392015672533033,0.032922218483560695,False,8000.5,8000.5,False,"$1,001 - $15,000",,,True
94fcc2eb2bac0d47d8ab::open,synthetic-member-charlie,ZZDD,financials,long,equity,2024-06-24,,2024-07-15,21,190,True,underlying_adjusted_close,0.09858761075425293,-0.10679696715233877,-0.009650058878137857,XLF,0.1105072312802704,-0.09714690827420092,-0.21730419843260917,False,32500.5,32500.5,False,"$15,001 - $50,000",,,True
56c322519c19073bf885::open,synthetic-member-charlie,ZZDD,financials,long,option_call,2022-02-08,,2022-02-24,16,1057,True,underlying_proxy_for_option,-0.007252975890290947,0.5887509144051262,0.40542284815639507,XLF,0.5605811511204459,0.1833280662487311,0.028169763284680238,False,8000.5,8000.5,False,"$1,001 - $15,000",,,True
821b2eadbf025b451c66::open,synthetic-member-charlie,ZZDD,financials,short,option_put,2024-09-03,,2024-09-10,7,119,True,underlying_proxy_for_option,-1.928823508912103e-05,0.09506652574502361,0.007154391131412918,XLF,0.1288614537092827,0.08791213461361069,-0.03379492796425909,False,750000.5,750000.5,False,"$500,001 - $1,000,000",,,True
792adda418d290cc3cca::open,synthetic-member-charlie,ZZEE,health_care,long,option_call,2020-01-02,,2020-01-29,27,1825,True,underlying_proxy_for_option,-0.022484902688089448,0.2227803247672031,0.45766220745890696,XLV,0.1643004733060156,-0.23488188269170385,0.058479851461187504,False,32500.5,32500.5,False,"$15,001 - $50,000",,,True
aac72418ec8fbba816c3::d5b8295c18511ae2804f,synthetic-member-charlie,ZZGG,semiconductors,long,equity,2019-05-09,2019-11-05,2019-07-04,56,180,False,underlying_adjusted_close,-0.12182930671077319,-0.2646583950961209,-0.06594523004532638,SOXX,-0.19828517653619604,-0.1987131650507945,-0.06637321855992484,False,8000.5,75000.5,True,"$50,001 - $100,000",,,True
aac72418ec8fbba816c3::4054c404a7a9e56c0b73,synthetic-member-charlie,ZZGG,semiconductors,long,equity,2019-05-09,2024-02-27,2019-07-04,56,1755,False,underlying_adjusted_close,-0.12182930671077319,0.6926509876528975,0.26840732788759736,SOXX,0.7499837094801733,0.4242436597653001,-0.05733272182727589,False,8000.5,75000.5,True,"$50,001 - $100,000",,,True
aac72418ec8fbba816c3::open,synthetic-member-charlie,ZZGG,semiconductors,long,equity,2019-05-09,,2019-07-04,56,2063,True,underlying_adjusted_close,-0.12182930671077319,0.5443444230499577,0.40892417923216784,SOXX,2.399158651478346,0.13542024381778983,-1.8548142284283882,False,58999.5,75000.5,True,"$50,001 - $100,000",,,True
b7c13f9409bae155d7bc::open,synthetic-member-charlie,ZZGG,semiconductors,long,etf,2022-11-03,,2023-01-02,60,789,True,underlying_adjusted_close,-0.12734634971855552,-0.5545341009316469,0.3224125124695403,SOXX,1.1498835481861311,-0.8769466134011872,-1.704417649117778,False,175000.5,175000.5,False,"$100,001 - $250,000",,,True
4db8794206c708e8e20b::open,synthetic-member-charlie,ZZGG,semiconductors,long,equity,2023-11-14,,2023-12-07,23,413,True,underlying_adjusted_close,0.09126987056809854,0.057115113915807036,0.08244087429228153,SOXX,1.1258811710405352,-0.025325760376474493,-1.0687660571247282,False,8000.5,8000.5,False,"$1,001 - $15,000",,,True
980c5d175b6c2fd7611e::605cc55fcffd984a8c28,synthetic-member-charlie,ZZHH,utilities,long,equity,2020-01-07,2024-07-16,2020-12-14,342,1652,False,underlying_adjusted_close,0.0905224945122669,0.24457718487947755,0.4883837531100792,XLU,0.4467176534143218,-0.24380656823060165,-0.20214046853484424,False,32500.5,32500.5,False,"$15,001 - $50,000",,,True
c7884bd983432413f192::open,synthetic-member-charlie,ZZHH,utilities,long,etf,2021-03-02,,2021-04-09,38,1400,True,underlying_adjusted_close,-0.0313601857812047,-0.04292964991716974,0.3836869709371937,XLU,0.5975029853376652,-0.42661662085436347,-0.640432635254835,False,75000.5,75000.5,False,"$50,001 - $100,000",,,True
37335d7f1f2774d89d12::open,synthetic-member-charlie,ZZHH,utilities,long,equity,2021-05-07,,2021-06-18,42,1334,True,underlying_adjusted_close,0.09125067437980938,-0.11167156381591647,0.43991305356680477,XLU,0.6276767582418465,-0.5515846173827212,-0.739348322057763,False,75000.5,75000.5,False,"$50,001 - $100,000",,,True
d827991f98e87d3d2559::open,synthetic-member-charlie,ZZHH,utilities,short,short,2022-05-25,,2022-06-08,14,951,True,underlying_adjusted_close,-0.035033443272798115,0.009947794135394483,0.4470817451020235,XLU,0.502249954109111,-0.437133950966629,-0.4923021599737165,False,75000.5,75000.5,False,"$50,001 - $100,000",,,True
dbb8a57c2f3c48b25462::8ba81e0a321c1cf0e7d4,synthetic-member-charlie,ZZII,consumer_discretionary,long,equity,2023-09-06,2024-03-14,2023-10-09,33,190,False,underlying_adjusted_close,0.04141141882603305,-0.026840475692037957,-0.004096311958336596,XLY,0.24741507217835634,-0.02274416373370136,-0.2742555478703943,False,8000.5,8000.5,False,"$1,001 - $15,000",,,True
f02e83eab41833eec047::open,synthetic-member-charlie::dependent_child,ZZAA,energy,short,option_put,2019-10-23,,2019-11-15,23,1896,True,underlying_proxy_for_option,0.13078466555807988,-0.30809211448702634,0.5157644841120586,XLE,1.9900270666881328,-0.8238565985990849,-2.298119181175159,False,175000.5,175000.5,False,"$100,001 - $250,000",SYN-EV-001,5,True
05951d9d766bee5f1df7::open,synthetic-member-charlie::dependent_child,ZZCC,technology,long,option_call,2023-05-16,,2023-09-21,128,595,True,underlying_proxy_for_option,0.0019516773226826434,0.06761548757272129,0.17064952906921116,XLK,-0.10205804781588645,-0.10303404149648987,0.16967353538860774,False,8000.5,8000.5,False,"$1,001 - $15,000",,,True
c4bdf4931f26e71a6438::0ce11f73c75ae2ba1002,synthetic-member-charlie::dependent_child,ZZEE,health_care,long,equity,2022-02-25,2022-09-27,2022-03-16,19,214,False,underlying_adjusted_close,0.06374917581546935,-0.06396213041169407,-0.010133946607825406,XLV,0.14493544643790512,-0.05382818380386867,-0.2088975768495992,False,8000.5,32500.5,True,"$15,001 - $50,000",,,True
c4bdf4931f26e71a6438::b7730403db63bef54937,synthetic-member-charlie::dependent_child,ZZEE,health_care,long,equity,2022-02-25,2023-09-21,2022-03-16,19,573,False,underlying_adjusted_close,0.06374917581546935,0.024364943112909376,0.2712351472583938,XLV,0.3331380905677781,-0.24687020414548444,-0.3087731474548687,False,8000.5,32500.5,True,"$15,001 - $50,000",,,True
c4bdf4931f26e71a6438::open,synthetic-member-charlie::dependent_child,ZZEE,health_care,long,equity,2022-02-25,,2022-03-16,19,1040,True,underlying_adjusted_close,0.06374917581546935,0.39078675708412236,0.41942422641431265,XLV,0.21096147168568402,-0.02863746933019029,0.17982528539843834,False,16499.5,32500.5,True,"$15,001 - $50,000",,,True
abeca97d7a0a10e0a322::open,synthetic-member-charlie::dependent_child,ZZEE,health_care,long,equity,2023-06-02,,2023-07-17,45,578,True,underlying_adjusted_close,-0.029786594964973823,0.37167224072618543,0.11614272583045326,XLV,-0.12491278365715697,0.25552951489573217,0.4965850243833424,False,8000.5,8000.5,False,"$1,001 - $15,000",,,True
36014444b9b6a7fc27df::5a77c9fb8022a8fd5d6f,synthetic-member-charlie::dependent_child,ZZFF,gold_mining,long,equity,2019-03-28,2019-10-25,2019-04-30,33,211,False,underlying_adjusted_close,-0.049204645751424136,0.05567379443151732,-0.07350096153528984,GDX,-0.20025277959300225,0.12917475596680716,0.25592657402451957,False,8000.5,8000.5,False,"$1,001 - $15,000",,,True
6914e5966aee453bcab6::ab9fcafe55bdd7f50e1d,synthetic-member-charlie::dependent_child,ZZFF,gold_mining,long,equity,2020-06-11,2021-02-24,2020-08-04,54,258,False,underlying_adjusted_close,-0.15717701096750702,-0.419418749123462,0.10856696704916957,GDX,0.37114673572086443,-0.5279857161726316,-0.7905654848443264,False,8000.5,8000.5,False,"$1,001 - $15,000",,,True
882a26bca58d810f32c6::06ad5c68f8d4dcabe4f0,synthetic-member-charlie::dependent_child,ZZFF,gold_mining,long,equity,2021-05-21,2023-11-03,2021-06-17,27,896,False,underlying_adjusted_close,0.10920696899944149,-0.2979229183990745,0.42530320201627236,GDX,-0.07931550962723721,-0.7232261204153468,-0.21860740877183726,False,8000.5,750000.5,True,"$500,001 - $1,000,000",,,True
882a26bca58d810f32c6::90129b22ee4dfecc3f32,synthetic-member-charlie::dependent_child,ZZFF,gold_mining,long,equity,2021-05-21,2024-11-07,2021-06-17,27,1266,False,underlying_adjusted_close,0.10920696899944149,-0.7087435875804942,0.4999470292300723,GDX,-0.04664259419866823,-1.2086906168105664,-0.6621009933818259,False,8000.5,750000.5,True,"$500,001 - $1,000,000",,,True
882a26bca58d810f32c6::open,synthetic-member-charlie::dependent_child,ZZFF,gold_mining,long,equity,2021-05-21,,2021-06-17,27,1320,True,underlying_adjusted_close,0.10920696899944149,-0.734039753988053,0.5247840884709789,GDX,-0.28933475570189904,-1.258823842459032,-0.44470499828615395,False,733999.5,750000.5,True,"$500,001 - $1,000,000",,,True
b2581b2379850a9e185b::open,synthetic-member-charlie::dependent_child,ZZFF,gold_mining,long,etf,2021-11-16,,2022-09-21,309,1141,True,underlying_adjusted_close,0.020111226423363826,-0.7134139412874259,0.5424689239969109,GDX,-0.33533320910829756,-1.2558828652843368,-0.3780807321791283,False,375000.5,375000.5,False,"$250,001 - $500,000",,,True
fa8e042619f80002b1e9::open,synthetic-member-charlie::dependent_child,ZZFF,gold_mining,long,equity,2023-03-28,,2023-04-06,9,644,True,underlying_adjusted_close,-0.007919056238316458,-0.7818197846234205,0.27131664699638525,GDX,-0.24247576842784457,-1.0531364316198057,-0.5393440161955759,False,32500.5,32500.5,False,"$15,001 - $50,000",SYN-EV-007,7,True
848d8e51dafca1779f5a::open,synthetic-member-charlie::dependent_child,ZZGG,semiconductors,short,short,2020-04-28,,2021-05-17,384,1708,True,underlying_adjusted_close,-1.4194238905838015,-1.6374559412673033,0.44168505882966924,SOXX,2.483120751072228,-2.0791410000969726,-4.120576692339531,False,375000.5,375000.5,False,"$250,001 - $500,000",,,True
427ac93e7232ec4f15a5::open,synthetic-member-charlie::dependent_child,ZZGG,semiconductors,short,short,2021-05-12,,2021-06-18,37,1329,True,underlying_adjusted_close,0.07915731095323986,-0.018931546852185788,0.4913610658683627,SOXX,1.9026877685180392,-0.5102926127205485,-1.921619315370225,False,75000.5,75000.5,False,"$50,001 - $100,000",,,True
cbac9488624891e2db29::adadec5259d714aa6b7a,synthetic-member-charlie::joint,ZZAA,energy,long,equity,2020-02-20,2021-01-07,2020-03-02,11,322,False,underlying_adjusted_close,0.06073718433435449,-0.04940035024064393,0.019315248492481674,XLE,-0.09382746705005474,-0.0687155987331256,0.044427116809410805,False,8000.5,8000.5,False,"$1,001 - $15,000",,,True
29ae93a2950dd4b69712::adadec5259d714aa6b7a,synthetic-member-charlie::joint,ZZAA,energy,long,etf,2020-03-26,2021-01-07,2020-05-21,56,287,False,underlying_adjusted_close,-0.01376052041683784,-0.16293301937865667,0.025219295359860228,XLE,-0.0486036103984151,-0.1881523147385169,-0.11432940898024158,False,75000.5,75000.5,False,"$50,001 - $100,000",,,True
11f7ccea14fbf55331b9::f0b4decab4cf16e96488,synthetic-member-charlie::joint,ZZAA,energy,long,etf,2021-10-13,2023-04-25,2021-10-19,6,559,False,underlying_adjusted_close,0.023714358774704403,0.03912615790067808,0.21977504865150133,XLE,-0.10170050365799843,-0.18064889075082324,0.1408266615586765,False,32500.5,32500.5,False,"$15,001 - $50,000",,,True
c0aad7185fd933fbd330::open,synthetic-member-charlie::joint,ZZAA,energy,long,equity,2024-09-23,,2024-09-30,7,99,True,underlying_adjusted_close,0.0372701584336963,0.26562198106524115,0.011059949999852492,XLE,0.10847347115855732,0.25456203106538866,0.15714850990668383,False,8000.5,8000.5,False,"$1,001 - $15,000",,,True
f0b5a09745c1bccf133d::bae558f5b59fd2c927a5,synthetic-member-charlie::joint,ZZBB,defense,long,equity,2020-10-07,2022-03-07,2020-10-12,5,516,False,underlying_adjusted_close,0.04055711391405259,0.1436296799218808,0.10613108795177961,ITA,0.08944200967718308,0.03749859197010119,0.05418767024469773,False,8000.5,8000.5,False,"$1,001 - $15,000",,,True
4038b3d579f322530362::open,synthetic-member-charlie::joint,ZZBB,defense,long,equity,2023-06-12,,2023-07-25,43,568,True,underlying_adjusted_close,0.065792134209675,-0.10369185155544958,0.08631954363594385,ITA,0.23024422190896066,-0.19001139519139343,-0.33393607346441023,False,32500.5,32500.5,False,"$15,001 - $50,000",SYN-EV-011,2,True
a52f947e4800f3047609::e3982ea8e4aa03f91d8f,synthetic-member-charlie::joint,ZZHH,utilities,long,option_call,2023-06-26,2024-04-12,2023-07-13,17,291,False,underlying_proxy_for_option,0.015591800067958683,0.05018644826625707,-0.0720598322408792,XLU,0.23439546191669525,0.12224628050713626,-0.18420901365043818,False,32500.5,75000.5,True,"$50,001 - $100,000",,,True
a52f947e4800f3047609::open,synthetic-member-charlie::joint,ZZHH,utilities,long,option_call,2023-06-26,,2023-07-13,17,554,True,underlying_proxy_for_option,0.015591800067958683,0.016927635905984006,0.05363462715581546,XLU,0.31437566892383084,-0.036706991249831455,-0.29744803301784684,False,42500.0,75000.5,True,"$50,001 - $100,000",,,True
451100f5472ef7cf7d65::514740652d77337a1a3c,synthetic-member-charlie::joint,ZZJJ,real_estate,long,equity,2023-05-01,2024-07-24,2023-05-18,17,450,False,underlying_adjusted_close,0.034491636224126765,0.45620565078606545,0.22800450309641285,XLRE,0.16348002856985877,0.2282011476896526,0.2927256222162067,False,8000.5,8000.5,False,"$1,001 - $15,000",,,True
c896c06d410afed6a431::514740652d77337a1a3c,synthetic-member-charlie::joint,ZZJJ,real_estate,long,equity,2024-05-30,2024-07-24,2024-06-21,22,55,False,underlying_adjusted_close,0.04495605958994098,0.11825726945337123,0.0464163721052151,XLRE,0.030022982355873973,0.07184089734815613,0.08823428709749725,False,24500.0,32500.5,True,"$15,001 - $50,000",,,True
c896c06d410afed6a431::open,synthetic-member-charlie::joint,ZZJJ,real_estate,long,equity,2024-05-30,,2024-06-21,22,215,True,underlying_adjusted_close,0.04495605958994098,0.04601822742021122,0.03923312793164624,XLRE,-0.15150114911779355,0.006785099488564983,0.19751937653800478,False,8000.5,32500.5,True,"$15,001 - $50,000",,,True
ef0abbc6562d5fda36d4::open,synthetic-member-charlie::spouse,ZZAA,energy,long,option_call,2022-02-15,,2022-04-06,50,1050,True,underlying_proxy_for_option,-0.07952714898653646,0.8607545494895694,0.4013498603543364,XLE,0.951162590390628,0.459404689135233,-0.09040804090105858,False,375000.5,375000.5,False,"$250,001 - $500,000",,,True
6ef117756ed9a68d4428::15a36d01b695244576e8,synthetic-member-charlie::spouse,ZZCC,technology,long,equity,2020-04-01,2020-09-29,2020-04-08,7,181,False,underlying_adjusted_close,-0.009207482059527039,-0.3134622171679542,-0.05635950129733436,XLK,-0.11136987065268489,-0.25710271587061984,-0.2020923465152693,False,8000.5,3000000.5,True,"$1,000,001 - $5,000,000",,,True
6ef117756ed9a68d4428::d0acc3560b679012ed1d,synthetic-member-charlie::spouse,ZZCC,technology,long,equity,2020-04-01,2023-07-21,2020-04-08,7,1206,False,underlying_adjusted_close,-0.009207482059527039,0.04326497000117624,0.3135811297445401,XLK,1.2123701813411647,-0.27031615974336387,-1.1691052113399885,False,8000.5,3000000.5,True,"$1,000,001 - $5,000,000",,,True
6ef117756ed9a68d4428::open,synthetic-member-charlie::spouse,ZZCC,technology,long,equity,2020-04-01,,2020-04-08,7,1735,True,underlying_adjusted_close,-0.009207482059527039,0.1776655817418924,0.4632756559932405,XLK,0.8728938905898564,-0.2856100742513481,-0.695228308847964,False,2983999.5,3000000.5,True,"$1,000,001 - $5,000,000",,,True
83d1243172ee4cc0e54c::open,synthetic-member-charlie::spouse,ZZCC,technology,long,etf,2023-06-21,,2023-11-22,154,559,True,underlying_adjusted_close,0.02144354113639535,-0.04925825323861255,0.08293399259594159,XLK,-0.09443991500343463,-0.13219224583455413,0.04518166176482208,False,8000.5,8000.5,False,"$1,001 - $15,000",,,True
9ff1cd0be7b7f0d0d722::open,synthetic-member-charlie::spouse,ZZCC,technology,long,etf,2024-09-05,,2024-10-25,50,117,True,underlying_adjusted_close,-0.0571461242889284,-0.17250058897196507,0.012278691726821611,XLK,-0.15946838073305614,-0.18477928069878669,-0.013032208238908938,False,8000.5,8000.5,False,"$1,001 - $15,000",,,True
ad7b689af060dffd271d::open,synthetic-member-charlie::spouse,ZZFF,gold_mining,long,option_call,2023-09-01,,2023-09-07,6,487,True,underlying_proxy_for_option,-0.01668927333444381,-0.6498967496635442,0.13755790386754163,GDX,-0.12534031159894377,-0.7874546535310858,-0.5245564380646004,False,750000.5,750000.5,False,"$500,001 - $1,000,000",,,True
671ce87a30c2f9c476e9::open,synthetic-member-charlie::spouse,ZZHH,utilities,short,option_put,2023-12-05,,2024-01-12,38,392,True,underlying_proxy_for_option,0.07578528827037789,0.03560134843115226,0.12438228842219368,XLU,0.2621054675573531,-0.08878093999104142,-0.22650411912620083,False,32500.5,32500.5,False,"$15,001 - $50,000",,,True
77c34686251932c73d18::open,synthetic-member-charlie::spouse,ZZII,consumer_discretionary,short,option_put,2019-04-18,,2019-05-28,40,2084,True,underlying_proxy_for_option,-0.12206024162339935,-1.8300951250015793,0.4144060892619943,XLY,1.3779244179366392,-2.2445012142635736,-3.2080195429382186,False,8000.5,8000.5,False,"$1,001 - $15,000",,,True
f450416d3b9040e3f1de::open,synthetic-member-delta,ZZBB,defense,short,option_put,2023-03-21,,2023-04-17,27,651,True,underlying_proxy_for_option,0.010292972165259928,0.2124429246160766,0.2574767581656159,ITA,0.3854500018857463,-0.04503383354953927,-0.17300707726966968,False,75000.5,75000.5,False,"$50,001 - $100,000",,,True
c67b93934b832487616b::open,synthetic-member-delta,ZZBB,defense,short,option_put,2023-08-10,,2023-08-22,12,509,True,underlying_proxy_for_option,-0.0029418204809597004,0.09820380311270838,0.1153646279351308,ITA,0.16483633280249532,-0.017160824822422427,-0.06663252968978695,False,50000001.0,50000001.0,False,"over $50,000,000",,,True
a87248c3fda37d84dc1d::033d1f39ae317d504325,synthetic-member-delta,ZZCC,technology,long,equity,2020-07-13,2020-09-08,2020-08-06,24,57,False,underlying_adjusted_close,-0.008806301859473842,-0.17106348941168137,-0.012246774080345135,XLK,-0.10005030017666672,-0.15881671533133623,-0.07101318923501465,False,75000.5,175000.5,True,"$100,001 - $250,000",SYN-EV-030,1,True
a87248c3fda37d84dc1d::a8709b4596e15717f843,synthetic-member-delta,ZZCC,technology,long,equity,2020-07-13,2023-04-06,2020-08-06,24,997,False,underlying_adjusted_close,-0.008806301859473842,0.6169878853231678,0.25866579568709147,XLK,1.2572002630396768,0.35832208963607637,-0.640212377716509,False,32500.5,175000.5,True,"$100,001 - $250,000",SYN-EV-030,1,True
a87248c3fda37d84dc1d::892bd69499befd4d1674,synthetic-member-delta,ZZCC,technology,long,equity,2020-07-13,2024-02-05,2020-08-06,24,1302,False,underlying_adjusted_close,-0.008806301859473842,0.7202613287162898,0.4058564507612892,XLK,1.919353917196275,0.3144048779550006,-1.1990925884799852,False,8000.5,175000.5,True,"$100,001 - $250,000",SYN-EV-030,1,True
a87248c3fda37d84dc1d::open,synthetic-member-delta,ZZCC,technology,long,equity,2020-07-13,,2020-08-06,24,1632,True,underlying_adjusted_close,-0.008806301859473842,0.5203666297100678,0.5713693294390028,XLK,0.9753181850262311,-0.05100269972893501,-0.4549515553161634,False,59499.0,175000.5,True,"$100,001 - $250,000",SYN-EV-030,1,True
c393724ed867b5c8fa4d::open,synthetic-member-delta,ZZCC,technology,long,etf,2023-06-21,,2023-08-14,54,559,True,underlying_adjusted_close,-0.21545796451772203,-0.04925825323861255,0.08293399259594159,XLK,-0.09443991500343463,-0.13219224583455413,0.04518166176482208,False,50000001.0,50000001.0,False,"over $50,000,000",,,True
69aa2118e7c29b9246f1::open,synthetic-member-delta,ZZCC,technology,long,etf,2023-10-26,,2023-12-01,36,432,True,underlying_adjusted_close,0.2497357067344781,0.07258957398782817,0.09593324313230278,XLK,-0.21890158492210954,-0.02334366914447461,0.2914911589099377,False,175000.5,175000.5,False,"$100,001 - $250,000",,,True
c158fa09b12ff9ceea9e::open,synthetic-member-delta,ZZCC,technology,long,equity,2024-07-22,,2024-08-14,23,162,True,underlying_adjusted_close,0.0558902528299241,-0.20489033093330888,-0.013608357025143625,XLK,-0.14761417776371566,-0.19128197390816526,-0.057276153169593225,False,3000000.5,3000000.5,False,"$1,000,001 - $5,000,000",SYN-EV-020,2,True
658e0e6e4701581ebbbe::900f2c80139ba3556c91,synthetic-member-delta,ZZDD,financials,long,equity,2021-02-22,2022-04-15,2021-04-06,43,417,False,underlying_adjusted_close,0.08475143657155959,0.20198647746414755,-0.046746170304084456,XLF,-0.010470938159229282,0.248732647768232,0.21245741562337683,False,32500.5,32500.5,False,"$15,001 - $50,000",,,True
0d8dd4aae708e1ffcb6a::65ef2da1faf796666577,synthetic-member-delta,ZZDD,financials,long,equity,2023-05-23,2023-08-02,2023-06-15,23,71,False,underlying_adjusted_close,0.06119660498121604,0.14054582679043515,0.012040571864569083,XLF,0.0638347182646608,0.12850525492586606,0.07671110852577434,False,175000.5,175000.5,False,"$100,001 - $250,000",,,True
2c93474ac7c5b4b0ca15::bd807eb1ecafbbf864ae,synthetic-member-delta,ZZEE,health_care,long,equity,2019-10-22,2024-10-04,2019-10-29,7,1809,False,underlying_adjusted_close,-0.043755768351728896,0.5125942952639104,0.4998025724019237,XLV,0.38656267021643953,0.01279172286198671,0.1260316250474709,False,75000.5,175000.5,True,"$100,001 - $250,000",,,True
2c93474ac7c5b4b0ca15::open,synthetic-member-delta,ZZEE,health_care,long,equity,2019-10-22,,2019-10-29,7,1897,True,underlying_adjusted_close,-0.043755768351728896,0.30962692411833403,0.5163240751889286,XLV,0.26959199825081526,-0.2066971510705946,0.04003492586751878,False,100000.0,175000.5,True,"$100,001 - $250,000",,,True
a0d49defb24d9ceb1985::5486d93fe2eb024b8406,synthetic-member-delta,ZZFF,gold_mining,long,equity,2019-05-03,2019-07-15,2019-05-27,24,73,False,underlying_adjusted_close,0.01787616114920243,-0.0666613990435927,-0.01570858613878401,GDX,-0.3076239148620069,-0.050952812904808686,0.2409625158184142,False,8000.5,8000.5,False,"$1,001 - $15,000",,,True
efab461f8018b0730a5f::e85bc19d161f75c66e40,synthetic-member-delta,ZZFF,gold_mining,long,equity,2019-09-27,2023-01-26,2019-11-04,38,1217,False,underlying_adjusted_close,0.37449838717098016,0.6577748071506346,0.2723598342786693,GDX,0.9938256608227622,0.38541497287196536,-0.3360508536721276,False,8000.5,8000.5,False,"$1,001 - $15,000",,,True
5f5ec78a73399fd8ad69::open,synthetic-member-delta,ZZFF,gold_mining,long,equity,2020-05-29,,2020-06-26,28,1677,True,underlying_adjusted_close,-0.17042138096291615,-0.8349606289398326,0.5020012295020868,GDX,0.1976616155025246,-1.3369618584419194,-1.0326222444423572,False,8000.5,8000.5,False,"$1,001 - $15,000",,,True
19983d04f4afa9d5ce75::open,synthetic-member-delta,ZZFF,gold_mining,long,equity,2023-11-24,,2024-01-19,56,403,True,underlying_adjusted_close,0.045975424547839205,-0.5698516214438281,0.1057439622399714,GDX,-0.17933120195649366,-0.6755955836837995,-0.3905204194873344,False,3000000.5,3000000.5,False,"$1,000,001 - $5,000,000",,,True
696301959bda6dcd53d8::open,synthetic-member-delta,ZZGG,semiconductors,long,equity,2023-01-25,,2023-02-03,9,706,True,underlying_adjusted_close,-0.021815527940196144,-0.46337140820325584,0.2694890373527916,SOXX,1.2432828954605912,-0.7328604455560475,-1.706654303663847,False,8000.5,8000.5,False,"$1,001 - $15,000",,,True
c275be15946aaab5dbc6::open,synthetic-member-delta,ZZGG,semiconductors,long,etf,2024-08-14,,2024-08-28,14,139,True,underlying_adjusted_close,-0.02942684388442407,-0.12754160790319025,0.017969120310728615,SOXX,0.5555789034223582,-0.14551072821391886,-0.6831205113255484,False,8000.5,8000.5,False,"$1,001 - $15,000",,,True
cca7673aa35338028ea9::open,synthetic-member-delta,ZZGG,semiconductors,long,equity,2024-08-16,,2024-12-31,137,137,True,underlying_adjusted_close,-0.12379464172666732,-0.12379464172666732,0.01252674336596038,SOXX,0.5474433268485173,-0.1363213850926277,-0.6712379685751846,False,8000.5,8000.5,False,"$1,001 - $15,000",,,True
52afefe4c3ecbc1fe558::open,synthetic-member-delta,ZZGG,semiconductors,short,option_put,2021-01-08,,2021-02-26,49,1453,True,underlying_proxy_for_option,-0.3875458606679463,-1.1362785344548603,0.4609291367731845,SOXX,2.0828787522694694,-1.5972076712280447,-3.2191572867243297,False,175000.5,175000.5,False,"$100,001 - $250,000",,,True
b477d42bfad957d4ec06::ab8ef22aefd5dbcf4c4f,synthetic-member-delta,ZZJJ,real_estate,long,etf,2019-08-14,2022-06-23,2019-12-16,124,1044,False,underlying_adjusted_close,0.10365484992083118,-0.1860273228163869,0.020922948423470533,XLRE,-0.5316612168522123,-0.20695027123985743,0.34563389403582545,False,32500.5,175000.5,True,"$100,001 - $250,000",,,True
b477d42bfad957d4ec06::open,synthetic-member-delta,ZZJJ,real_estate,long,etf,2019-08-14,,2019-12-16,124,1966,True,underlying_adjusted_close,0.10365484992083118,0.15161275178574218,0.4450038071253357,XLRE,-0.4724478802426899,-0.29339105533959353,0.6240606320284321,False,142500.0,175000.5,True,"$100,001 - $250,000",,,True
05bb503f4bbcd76720e7::open,synthetic-member-delta,ZZJJ,real_estate,long,equity,2024-04-25,,2024-06-05,41,250,True,underlying_adjusted_close,0.07323246982397258,0.09283321880775497,0.12408378990698754,XLRE,-0.10186376975750389,-0.03125057109923257,0.19469698856525885,False,32500.5,32500.5,False,"$15,001 - $50,000",,,True
ac76c1780a1c621377c0::open,synthetic-member-delta,ZZJJ,real_estate,short,short,2021-03-03,,2021-04-06,34,1399,True,underlying_adjusted_close,0.0684575742292024,0.2996860490365625,0.4120074972660208,XLRE,0.0036101083032491488,-0.11232144822945833,0.29607594073331334,False,32500.5,32500.5,False,"$15,001 - $50,000",,,True
2c3558f34175a9d12b1a::7a8872e45f7c05c72c44,synthetic-member-delta::dependent_child,ZZDD,financials,long,option_call,2019-10-14,2022-02-14,2019-11-22,39,854,False,underlying_proxy_for_option,-0.1888616959856122,-0.077335595056228,0.1145841525307485,XLF,0.4255269774146133,-0.1919197475869765,-0.5028625724708413,False,8000.5,8000.5,False,"$1,001 - $15,000",,,True
a6d0dd1e45d929c9b8dc::open,synthetic-member-delta::dependent_child,ZZDD,financials,short,option_put,2022-10-12,,2022-10-20,8,811,True,underlying_proxy_for_option,-0.045256883461789243,-0.3584693005465671,0.40998779135483043,XLF,0.2802019511490683,-0.7684570919013975,-0.6386712516956354,False,375000.5,375000.5,False,"$250,001 - $500,000",,,True
b17b4d00b35252094f75::open,synthetic-member-delta::dependent_child,ZZII,consumer_discretionary,short,short,2022-01-14,,2022-02-28,45,1082,True,underlying_adjusted_close,-0.016126235477718076,0.0408282972296613,0.46043956512470685,XLY,0.776297499626452,-0.41961126789504555,-0.7354692023967907,False,8000.5,8000.5,False,"$1,001 - $15,000",,,True
4034f001e7a211a39a03::35a7c7838d266bb077a8,synthetic-member-delta::joint,ZZAA,energy,long,equity,2019-06-24,2020-07-23,2019-08-20,57,395,False,underlying_adjusted_close,0.015442543289985178,-0.2779216664352344,-0.14596901417404196,XLE,0.40167889312469196,-0.13195265226119246,-0.6796005595599264,False,8000.5,75000.5,True,"$50,001 - $100,000",,,True
4034f001e7a211a39a03::641a296881fc3fec23de,synthetic-member-delta::joint,ZZAA,energy,long,equity,2019-06-24,2023-05-03,2019-08-20,57,1409,False,underlying_adjusted_close,0.015442543289985178,-0.4682729346202503,0.139508235702138,XLE,0.8944987667217725,-0.6077811703223883,-1.3627717013420229,False,32500.5,75000.5,True,"$50,001 - $100,000",,,True
4034f001e7a211a39a03::c308d14de3c28253b5dd,synthetic-member-delta::joint,ZZAA,energy,long,equity,2019-06-24,2023-12-08,2019-08-20,57,1628,False,underlying_adjusted_close,0.015442543289985178,-0.41307403199289283,0.20809959045793947,XLE,2.0204102687295564,-0.6211736224508323,-2.433484300722449,False,32500.5,75000.5,True,"$50,001 - $100,000",,,True
4034f001e7a211a39a03::3da62e6b4d40fe67195d,synthetic-member-delta::joint,ZZAA,energy,long,equity,2019-06-24,2024-08-15,2019-08-20,57,1879,False,underlying_adjusted_close,0.015442543289985178,0.07383099203131316,0.35370408443671786,XLE,2.6554242063434708,-0.2798730924054047,-2.5815932143121576,False,1999.0,75000.5,True,"$50,001 - $100,000",,,True
c2ba575e60885ea4f20e::3da62e6b4d40fe67195d,synthetic-member-delta::joint,ZZAA,energy,long,equity,2019-07-10,2024-08-15,2019-09-11,63,1863,False,underlying_adjusted_close,0.15686485018006713,0.07721972807727395,0.4310366093811273,XLE,2.592409714562243,-0.35381688130385336,-2.515189986484969,False,8000.5,8000.5,False,"$1,001 - $15,000",SYN-EV-016,4,True
e867b3faaff641db7768::3da62e6b4d40fe67195d,synthetic-member-delta::joint,ZZAA,energy,long,etf,2020-11-20,2024-08-15,2021-01-20,61,1364,False,underlying_adjusted_close,-0.3258947060463797,0.27968586435300935,0.4643738022937638,XLE,1.5337412758330857,-0.18468793794075444,-1.2540554114800764,False,8000.5,8000.5,False,"$1,001 - $15,000",,,True
cf86c5f1b5db8434dc8e::3da62e6b4d40fe67195d,synthetic-member-delta::joint,ZZAA,energy,long,equity,2021-03-11,2024-08-15,2021-04-02,22,1253,False,underlying_adjusted_close,-0.014920124335407015,0.7424310136422878,0.3797994056067515,XLE,1.3342283805829593,0.3626316080355363,-0.5917973669406715,False,8000.5,8000.5,False,"$1,001 - $15,000",,,True
508201d298a3fc6a4168::3da62e6b4d40fe67195d,synthetic-member-delta::joint,ZZAA,energy,long,equity,2024-07-17,2024-08-15,2024-08-28,42,29,False,underlying_adjusted_close,0.14420319523754266,0.19020111281032848,-0.029877483891485923,XLE,-0.11095163079632353,0.2200785967018144,0.301152743606652,False,349000.0,375000.5,True,"$250,001 - $500,000",,,True
508201d298a3fc6a4168::open,synthetic-member-delta::joint,ZZAA,energy,long,equity,2024-07-17,,2024-08-28,42,167,True,underlying_adjusted_close,0.14420319523754266,0.33678817276578044,-0.012322252744005002,XLE,-0.13777693087952636,0.34911042550978544,0.4745651036453068,False,26000.5,375000.5,True,"$250,001 - $500,000",,,True
40057f0bb94307305d19::open,synthetic-member-delta::joint,ZZEE,health_care,short,short,2022-06-03,,2022-07-01,28,942,True,underlying_adjusted_close,0.04354006833859836,-0.449991135323319,0.416989841653564,XLV,0.11592770971188338,-0.866980976976883,-0.5659188450352024,False,8000.5,8000.5,False,"$1,001 - $15,000",,,True
0ab4f193d7a006903029::45137cd711a2fc80d905,synthetic-member-delta::joint,ZZGG,semiconductors,long,option_call,2020-03-18,2020-04-28,2021-05-13,421,41,False,underlying_proxy_for_option,1.7541729660115344,0.1019087014950446,0.06778465912180542,SOXX,0.1747860620643482,0.03412404237323918,-0.0728773605693036,False,75000.5,75000.5,False,"$50,001 - $100,000",,,True
d93e8478054bbe1a8d33::760028822820dec898c2,synthetic-member-delta::joint,ZZHH,utilities,long,option_call,2021-12-15,2023-01-24,2021-12-27,12,405,False,underlying_proxy_for_option,-0.0007745095210238695,0.03237200590752054,0.1511654484867131,XLU,0.20226426112683815,-0.11879344257919255,-0.1698922552193176,False,8000.5,8000.5,False,"$1,001 - $15,000",,,True
9b826c8e391ca8822d12::open,synthetic-member-delta::joint,ZZJJ,real_estate,long,option_call,2020-08-03,,2020-09-25,53,1611,True,underlying_proxy_for_option,-0.004302496328928096,-0.15093140339836386,0.6467960786048204,XLRE,-0.24533729890496148,-0.7977274820031842,0.09440589550659761,False,8000.5,8000.5,False,"$1,001 - $15,000",,,True
1216123968f834950e88::f6f5f1a0be0b7502eda4,synthetic-member-delta::spouse,ZZBB,defense,long,equity,2019-10-01,2020-07-29,2019-10-29,28,302,False,underlying_adjusted_close,-0.06968197977440882,0.0194740478354416,-0.03495096248549223,ITA,0.050712330167132835,0.05442501032093383,-0.031238282331691236,False,8000.5,8000.5,False,"$1,001 - $15,000",SYN-EV-021,9,True
2f700d2e87b79d6598ad::f6f5f1a0be0b7502eda4,synthetic-member-delta::spouse,ZZBB,defense,long,equity,2020-04-15,2020-07-29,2020-05-04,19,105,False,underlying_adjusted_close,-0.05714573524074562,-0.0035984486088425083,-0.0877183780000953,ITA,0.06021448241326355,0.08411992939125279,-0.06381293102210606,False,8000.5,8000.5,False,"$1,001 - $15,000",,,True
7eb78144c29bbaef0418::aad774891d021e05d01c,synthetic-member-delta::spouse,ZZBB,defense,long,equity,2020-12-21,2022-05-20,2021-02-16,57,515,False,underlying_adjusted_close,-0.04794812458175535,0.1871352626482783,0.032678968050572355,ITA,0.28325091743769226,0.15445629459770593,-0.09611565478941397,False,175000.5,175000.5,False,"$100,001 - $250,000",,,True
55ac02ad5c87412d800d::open,synthetic-member-delta::spouse,ZZBB,defense,long,equity,2023-04-26,,2023-05-15,19,615,True,underlying_adjusted_close,-0.003471410491015625,-0.15131470225475419,0.2471536865452595,ITA,0.4117244756060936,-0.3984683888000137,-0.5630391778608478,False,750000.5,750000.5,False,"$500,001 - $1,000,000",,,True
0a044c87c92d37bdfcd2::open,synthetic-member-delta::spouse,ZZCC,technology,long,option_call,2023-08-16,,2023-10-13,58,503,True,underlying_proxy_for_option,0.13630872020660267,0.21754703900558248,0.12764099952497343,XLK,-0.2200140005993938,0.08990603948060905,0.4375610396049763,False,75000.5,75000.5,False,"$50,001 - $100,000",,,True
6b5631f6df6245a8acfd::61eecba7f0fe4b581c45,synthetic-member-delta::spouse,ZZHH,utilities,long,equity,2020-05-11,2021-12-23,2020-07-07,57,591,False,underlying_adjusted_close,-0.01772756013404031,0.21135816009955155,-0.012612171091545221,XLU,-0.028119604383025076,0.22397033119109677,0.23947776448257663,False,75000.5,75000.5,False,"$50,001 - $100,000",,,True
c67752cf26766280a1ee::dd5ca8e0f184ac29f813,synthetic-member-delta::spouse,ZZII,consumer_discretionary,long,equity,2019-11-04,2024-01-01,2019-12-18,44,1519,False,underlying_adjusted_close,-0.10880282669782715,0.5189387164597914,0.33594582751407964,XLY,0.44204648205005914,0.18299288894571175,0.07689223440973225,False,8000.5,8000.5,False,"$1,001 - $15,000",,,True
b83a92d1807bc7211086::open,synthetic-member-delta::spouse,ZZII,consumer_discretionary,long,etf,2020-04-30,,2020-05-22,22,1706,True,underlying_adjusted_close,0.056634649154421624,1.0614794513825094,0.4410621786180202,XLY,0.6858769927445676,0.6204172727644892,0.37560245863794184,False,75000.5,75000.5,False,"$50,001 - $100,000",,,True
11cb4d0c9c00f51b87d7::open,synthetic-member-delta::spouse,ZZII,consumer_discretionary,long,equity,2021-12-01,,2021-12-10,9,1126,True,underlying_adjusted_close,-0.011782698667824443,0.08330308856608104,0.5331372673637438,XLY,1.0314182026498386,-0.44983417879766274,-0.9481151140837576,False,75000.5,75000.5,False,"$50,001 - $100,000",,,True
b545a06a35ee4b71cea0::open,synthetic-member-delta::spouse,ZZII,consumer_discretionary,short,option_put,2020-12-23,,2021-01-06,14,1469,True,underlying_proxy_for_option,0.057708616112145505,-0.9265962341387064,0.4994042585229115,XLY,1.143585800972759,-1.4260004926616179,-2.0701820351114657,False,32500.5,32500.5,False,"$15,001 - $50,000",,,True
16d7c31f615d37e55422::open,synthetic-member-echo,ZZAA,energy,short,short,2022-01-14,,2022-03-10,55,1082,True,underlying_adjusted_close,-0.01063761185890133,-0.9310019965865801,0.46043956512470685,XLE,1.1388743886861534,-1.391441561711287,-2.0698763852727335,False,32500.5,32500.5,False,"$15,001 - $50,000",,,True
c6bf4ed1ea6fee05bd59::open,synthetic-member-echo,ZZBB,defense,short,short,2021-04-15,,2021-05-25,40,1356,True,underlying_adjusted_close,0.020875272572745462,0.12918526468377423,0.4074948361136348,ITA,0.7152730700055341,-0.27830957142986057,-0.5860878053217599,False,175000.5,175000.5,False,"$100,001 - $250,000",,,True
9a9261b4346181d04eb1::open,synthetic-member-echo,ZZBB,defense,short,short,2024-11-01,,2024-11-25,24,60,True,underlying_adjusted_close,-0.03222043246072137,0.005024327170765175,0.011196049987985512,ITA,-0.08135194637635657,-0.0061717228172203376,0.08637627354712174,False,8000.5,8000.5,False,"$1,001 - $15,000",,,True
443b27845220a1058d78::4cc87dd39c9284fa366d,synthetic-member-echo,ZZCC,technology,long,etf,2021-11-19,2022-06-22,2021-12-06,17,215,False,underlying_adjusted_close,0.07059159822773409,0.04392844970700449,0.11689804087897704,XLK,0.048530578429300864,-0.07296959117197255,-0.0046021287222963725,False,8000.5,32500.5,True,"$15,001 - $50,000",,,True
443b27845220a1058d78::open,synthetic-member-echo,ZZCC,technology,long,etf,2021-11-19,,2021-12-06,17,1138,True,underlying_adjusted_close,0.07059159822773409,0.3206965928955441,0.5639096405592063,XLK,0.44136271617886225,-0.24321304766366225,-0.12066612328331816,False,24500.0,32500.5,True,"$15,001 - $50,000",,,True
3e9f68376ed426cfd0d5::open,synthetic-member-echo,ZZCC,technology,long,etf,2023-08-15,,2023-09-06,22,504,True,underlying_adjusted_close,0.15921098138364465,0.19384980501127003,0.12348800505878743,XLK,-0.21127462404425912,0.0703617999524826,0.40512442905552914,False,8000.5,8000.5,False,"$1,001 - $15,000",,,True
ed31a72c2abe0f44b1f4::open,synthetic-member-echo,ZZCC,technology,long,option_call,2021-04-06,,2021-05-17,41,1365,True,underlying_proxy_for_option,-0.11336958598643876,0.5508931476288594,0.4503990071714168,XLK,0.8685819653889766,0.10049414045744265,-0.31768881776011715,False,8000.5,8000.5,False,"$1,001 - $15,000",,,True
ddc17f006b7b6b9dfe68::open,synthetic-member-echo,ZZCC,technology,short,short,2022-07-04,,2022-08-01,28,911,True,underlying_adjusted_close,-0.09981965182728447,-0.18645196081723592,0.3989833108437042,XLK,0.23321702311586878,-0.5854352716609401,-0.4196689839331047,False,8000.5,8000.5,False,"$1,001 - $15,000",,,True
d89811ef4b99a2634954::8cd8e85c380cedeeeba4,synthetic-member-echo,ZZDD,financials,long,equity,2021-02-12,2023-10-20,2021-03-01,17,980,False,underlying_adjusted_close,-0.03402835299759421,1.7263930888192238,0.2815136432922114,XLF,0.3750510232439419,1.4448794455270124,1.351342065575282,False,32500.5,32500.5,False,"$15,001 - $50,000",,,True
a6d97911aa1b04acf6fb::0467189a6d6775c4621a,synthetic-member-echo,ZZDD,financials,long,equity,2021-11-03,2024-06-12,2021-12-07,34,952,False,underlying_adjusted_close,0.07176779656693966,1.184053867931747,0.510515207184596,XLF,0.5643186692944728,0.673538660747151,0.6197351986372741,False,32500.5,32500.5,False,"$15,001 - $50,000",SYN-EV-003,8,True
a670d910b46a5b157293::0467189a6d6775c4621a,synthetic-member-echo,ZZDD,financials,long,equity,2024-06-06,2024-06-12,2024-06-20,14,6,False,underlying_adjusted_close,-0.12116946268059325,-0.020332374604438486,0.017061692146233653,XLF,-0.024061488347777105,-0.03739406675067214,0.003729113743338619,False,42500.0,375000.5,True,"$250,001 - $500,000",,,True
a670d910b46a5b157293::open,synthetic-member-echo,ZZDD,financials,long,equity,2024-06-06,,2024-06-20,14,208,True,underlying_adjusted_close,-0.12116946268059325,-0.23202770545215234,0.02420414350682165,XLF,0.038321637544487475,-0.256231848958974,-0.2703493429966398,False,332500.5,375000.5,True,"$250,001 - $500,000",,,True
dbf2f009ea5dd51de124::aaf3c1149d2eeba0e4a5,synthetic-member-echo,ZZEE,health_care,long,equity,2020-04-29,2024-06-21,2020-06-25,57,1514,False,underlying_adjusted_close,-0.056097017017124884,0.20571275718390036,0.4403254938969894,XLV,0.3478407663276173,-0.23461273671308902,-0.14212800914371693,False,32500.5,32500.5,False,"$15,001 - $50,000",,,True
d7a3506a58f5d08b3b66::open,synthetic-member-echo,ZZEE,health_care,long,equity,2023-03-09,,2023-07-07,120,663,True,underlying_adjusted_close,-0.08761810000838965,0.32415149771196194,0.3153465500511283,XLV,-0.20794541521326226,0.008804947660833617,0.5320969129252242,False,8000.5,8000.5,False,"$1,001 - $15,000",,,True
f62b0211abe6e90db49b::open,synthetic-member-echo,ZZEE,health_care,long,equity,2023-08-23,,2023-09-26,34,496,True,underlying_adjusted_close,0.022066184729702343,0.38188416232251354,0.1135875482232298,XLV,-0.09428190313791063,0.26829661409928374,0.47616606546042417,False,75000.5,75000.5,False,"$50,001 - $100,000",SYN-EV-012,6,True
47e0bdde157b3363b197::open,synthetic-member-echo,ZZEE,health_care,long,etf,2024-05-31,,2024-08-01,62,214,True,underlying_adjusted_close,0.09469155579690458,-0.022935107249524855,0.035716996141604174,XLV,-0.14288030191766055,-0.05865210339112903,0.11994519466813569,False,32500.5,32500.5,False,"$15,001 - $50,000",,,True
30378961faef36d3c2ee::7841eb3cc71fdaed1c37,synthetic-member-echo,ZZFF,gold_mining,long,equity,2020-09-21,2021-03-26,2021-05-24,245,186,False,underlying_adjusted_close,-0.10562918170638036,-0.14389642909468692,0.16790298790674396,GDX,-0.04986143965447287,-0.3117994170014309,-0.09403498944021405,False,8000.5,32500.5,True,"$15,001 - $50,000",,,True
30378961faef36d3c2ee::3f4ae86e0beaa14aaa70,synthetic-member-echo,ZZFF,gold_mining,long,equity,2020-09-21,2023-08-07,2021-05-24,245,1050,False,underlying_adjusted_close,-0.10562918170638036,-0.26210436118399727,0.4790275316220456,GDX,0.07735849056603783,-0.7411318928060429,-0.3394628517500351,False,8000.5,32500.5,True,"$15,001 - $50,000",,,True
30378961faef36d3c2ee::c35ace105fd8fccc0189,synthetic-member-echo,ZZFF,gold_mining,long,equity,2020-09-21,2023-11-06,2021-05-24,245,1141,False,underlying_adjusted_close,-0.10562918170638036,-0.3934744291568437,0.5537868206590846,GDX,0.11556650584512451,-0.9472612498159283,-0.5090409350019682,False,16499.5,32500.5,True,"$15,001 - $50,000",,,True
843b0fbe3e009f26beb8::c35ace105fd8fccc0189,synthetic-member-echo,ZZFF,gold_mining,long,equity,2021-11-26,2023-11-06,2022-01-10,45,710,False,underlying_adjusted_close,0.09869886564845376,-0.21970778738619368,0.45742447268842334,GDX,-0.13875562235145056,-0.677132260074617,-0.08095216503474312,False,58501.0,75000.5,True,"$50,001 - $100,000",,,True
843b0fbe3e009f26beb8::open,synthetic-member-echo,ZZFF,gold_mining,long,equity,2021-11-26,,2022-01-10,45,1131,True,underlying_adjusted_close,0.09869886564845376,-0.6974799803516147,0.5713318467705795,GDX,-0.3477226660781604,-1.2688118271221942,-0.34975731427345436,False,16499.5,75000.5,True,"$50,001 - $100,000",,,True
89ce4c4ab9475b6b9064::open,synthetic-member-echo,ZZFF,gold_mining,long,equity,2022-07-26,,2023-04-27,275,889,True,underlying_adjusted_close,-0.027949157944835212,-0.7687367644297735,0.36655483037053593,GDX,-0.16570927420087966,-1.1352915948003095,-0.6030274902288938,False,32500.5,32500.5,False,"$15,001 - $50,000",,,True
f5e06e7c5d706c4348f7::open,synthetic-member-echo,ZZGG,semiconductors,long,option_call,2023-09-26,,2023-10-26,30,462,True,underlying_proxy_for_option,-0.00355033460517995,-0.028938232222893934,0.10051188601709127,SOXX,1.2776789431463937,-0.1294501182399852,-1.3066171753692877,False,8000.5,8000.5,False,"$1,001 - $15,000",,,True
3c2ad2c813bc52a64e73::open,synthetic-member-echo,ZZJJ,real_estate,short,option_put,2022-04-05,,2022-05-16,41,1001,True,underlying_proxy_for_option,0.07986063944082888,-0.24958630228336443,0.4890919674191403,XLRE,0.04885161135161131,-0.7386782697025047,-0.29843791363497574,False,32500.5,32500.5,False,"$15,001 - $50,000",,,True
deb432020fd488fb68f2::f19f0557fa273c1c29e4,synthetic-member-echo::dependent_child,ZZBB,defense,long,equity,2019-07-24,2020-07-08,2019-09-17,55,350,False,underlying_adjusted_close,0.12344438948930292,0.025069717027792038,-0.01627563336708482,ITA,0.15382472629768773,0.041345350394876856,-0.1287550092698957,False,8000.5,8000.5,False,"$1,001 - $15,000",,,True
178423c329887d9d352e::dd8e4455bccb4921ef7f,synthetic-member-echo::dependent_child,ZZBB,defense,long,equity,2022-05-10,2023-09-04,2022-06-17,38,482,False,underlying_adjusted_close,0.06841002713334943,-0.1942313921336145,0.1581567877181589,ITA,0.1779148380974973,-0.3523881798517734,-0.3721462302311118,False,32500.5,75000.5,True,"$50,001 - $100,000",,,True
178423c329887d9d352e::3716eec7aaf92b3f2bbd,synthetic-member-echo::dependent_child,ZZBB,defense,long,equity,2022-05-10,2023-10-19,2022-06-17,38,527,False,underlying_adjusted_close,0.06841002713334943,-0.20162825974348608,0.22500443679949766,ITA,0.3164525792796149,-0.42663269654298375,-0.518080839023101,False,32500.5,75000.5,True,"$50,001 - $100,000",,,True
178423c329887d9d352e::4c821d21a152cbe84e3a,synthetic-member-echo::dependent_child,ZZBB,defense,long,equity,2022-05-10,2024-08-01,2022-06-17,38,814,False,underlying_adjusted_close,0.06841002713334943,-0.3588602181795597,0.33890946393710886,ITA,0.671755794023865,-0.6977696821166686,-1.0306160122034247,False,9999.5,75000.5,True,"$50,001 - $100,000",,,True
4cfe4619ea40a6fdc4a6::4c821d21a152cbe84e3a,synthetic-member-echo::dependent_child,ZZBB,defense,long,equity,2022-07-18,2024-08-01,2022-08-29,42,745,False,underlying_adjusted_close,-0.04622751559882643,-0.40937661908349143,0.4322832825540359,ITA,0.7308957931461417,-0.8416599016375274,-1.140272412229633,False,8000.5,8000.5,False,"$1,001 - $15,000",,,True
52c827211794efadbe58::4c821d21a152cbe84e3a,synthetic-member-echo::dependent_child,ZZBB,defense,long,equity,2022-12-30,2024-08-01,2023-02-21,53,580,False,underlying_adjusted_close,-0.06371370678192556,-0.3205349188740504,0.311872091672323,ITA,0.5006783702924245,-0.6324070105463734,-0.8212132891664748,False,32500.5,32500.5,False,"$15,001 - $50,000",,,True
ea219b442a3e4e867cee::open,synthetic-member-echo::dependent_child,ZZBB,defense,short,option_put,2020-05-21,,2020-06-29,39,1685,True,underlying_proxy_for_option,-0.04019709504233959,0.1483733743728921,0.5026284782812771,ITA,0.712608965542844,-0.354255103908385,-0.5642355911699519,False,175000.5,175000.5,False,"$100,001 - $250,000",,,True
c56c55bfc9c2ced70c83::open,synthetic-member-echo::joint,ZZBB,defense,long,option_call,2019-08-14,,2019-08-22,8,1966,True,underlying_proxy_for_option,-0.015758194359843936,-0.2076890694048228,0.4450038071253357,ITA,0.8640778979872406,-0.6526928765301585,-1.0717669673920633,False,175000.5,175000.5,False,"$100,001 - $250,000",,,True
fd9a48823af2852f93d2::open,synthetic-member-echo::joint,ZZDD,financials,long,option_call,2022-10-03,,2022-11-23,51,820,True,underlying_proxy_for_option,0.131261884456237,0.37819261505417123,0.44405838353834803,XLF,0.30018713896437177,-0.0658657684841768,0.07800547608979946,False,175000.5,175000.5,False,"$100,001 - $250,000",,,True
d0bec1ccb9be4f4e58cd::7d64b9b1b65ba3ba9af0,synthetic-member-echo::joint,ZZGG,semiconductors,long,equity,2019-08-05,2022-03-04,2019-08-19,14,942,False,underlying_adjusted_close,0.06237677724093471,1.7115897520189285,0.02658105374263342,SOXX,0.6855498529732085,1.685008698276295,1.02603989904572,False,3000000.5,3000000.5,False,"$1,000,001 - $5,000,000",,,True
19b0f12924169709f434::f87eabc58877a2263071,synthetic-member-echo::joint,ZZGG,semiconductors,long,etf,2023-01-26,2023-04-18,2023-02-15,20,82,False,underlying_adjusted_close,-0.03075762431148965,-0.19858904843791514,0.006585616717107001,SOXX,-0.07958712266726975,-0.20517466515502214,-0.11900192577064539,False,8000.5,8000.5,False,"$1,001 - $15,000",,,True
505f1baec81db194c1be::open,synthetic-member-echo::joint,ZZGG,semiconductors,long,equity,2023-06-06,,2023-07-24,48,574,True,underlying_adjusted_close,-0.10534633764788082,-0.34678521721743394,0.09614646769939106,SOXX,1.7305230534009186,-0.442931684916825,-2.0773082706183525,False,375000.5,375000.5,False,"$250,001 - $500,000",,,True
aa8c78242145370063a4::open,synthetic-member-echo::joint,ZZGG,semiconductors,long,equity,2024-04-05,,2024-10-29,207,270,True,underlying_adjusted_close,0.39850546875000004,0.0813013020833333,0.13695228264314974,SOXX,0.957680542161051,-0.05565098055981643,-0.8763792400777177,False,32500.5,32500.5,False,"$15,001 - $50,000",,,True
5517c0962ea5213ac970::open,synthetic-member-echo::joint,ZZGG,semiconductors,long,equity,2024-07-01,,2024-08-14,44,183,True,underlying_adjusted_close,0.032310738374988546,-0.09935183305308715,-0.018742222609261505,SOXX,0.6642795295074342,-0.08060961044382564,-0.7636313625605213,False,8000.5,8000.5,False,"$1,001 - $15,000",SYN-EV-014,9,True
e9a35b08a48e5651f303::c434bb2485aed16efff2,synthetic-member-echo::spouse,ZZAA,energy,long,etf,2022-04-25,2022-06-20,2022-05-06,11,56,False,underlying_adjusted_close,0.022802180979370146,-0.021769391165354257,-0.025398595143107494,XLE,-0.058134984729027006,0.003629203977753237,0.03636559356367275,False,8000.5,50000001.0,True,"over $50,000,000",,,True
e9a35b08a48e5651f303::open,synthetic-member-echo::spouse,ZZAA,energy,long,etf,2022-04-25,,2022-05-06,11,981,True,underlying_adjusted_close,0.022802180979370146,0.9849071278279407,0.3827603286368868,XLE,1.0406506817285952,0.6021467991910538,-0.05574355390065455,False,49992000.5,50000001.0,True,"over $50,000,000",,,True
5de9b7da268cb8d87eb5::open,synthetic-member-echo::spouse,ZZDD,financials,short,short,2020-04-23,,2020-05-26,33,1713,True,underlying_adjusted_close,-0.0498729776162099,-0.7817926552027317,0.4472963495014366,XLF,0.6590581968424503,-1.2290890047041683,-1.440850852045182,False,8000.5,8000.5,False,"$1,001 - $15,000",,,True
94b0ff7aa64f5626b9b4::open,synthetic-member-echo::spouse,ZZFF,gold_mining,short,option_put,2024-02-07,,2024-02-20,13,328,True,underlying_proxy_for_option,0.14219424056894014,0.5498672495674137,0.12046758261150581,GDX,-0.21460121667135668,0.4293996669559079,0.7644684662387704,False,75000.5,75000.5,False,"$50,001 - $100,000",,,True
d16349d4e2db65e9295f::7de0608b0bcb642ac213,synthetic-member-echo::spouse,ZZGG,semiconductors,short,option_put,2019-08-23,2020-03-31,2019-08-28,5,221,False,underlying_proxy_for_option,0.047144270939441624,0.38111578141608826,0.002298486714884529,SOXX,0.021911605437911374,0.37881729470120373,0.3592041759781769,False,8000.5,32500.5,True,"$15,001 - $50,000",,,True
d16349d4e2db65e9295f::open,synthetic-member-echo::spouse,ZZGG,semiconductors,short,option_put,2019-08-23,,2019-08-28,5,1957,True,underlying_proxy_for_option,0.047144270939441624,-0.7697042875786462,0.47331148968089587,SOXX,2.9955699404337786,-1.243015777259542,-3.7652742280124247,False,24500.0,32500.5,True,"$15,001 - $50,000",,,True
cd571b785223089ce8c9::c0b7536c4b82bd3716e2,synthetic-member-echo::spouse,ZZHH,utilities,long,equity,2021-01-07,2023-01-06,2021-05-03,116,729,False,underlying_adjusted_close,0.17097318415911933,0.17577802068598092,0.12550993733359506,XLU,0.1837831122115534,0.05026808335238586,-0.008005091525572494,False,75000.5,750000.5,True,"$500,001 - $1,000,000",,,True
cd571b785223089ce8c9::e3cebe484e3362eee7dd,synthetic-member-echo::spouse,ZZHH,utilities,long,equity,2021-01-07,2023-10-05,2021-05-03,116,1001,False,underlying_adjusted_close,0.17097318415911933,0.10073928805442778,0.3357155723042471,XLU,0.23021537778411627,-0.2349762842498193,-0.1294760897296885,False,75000.5,750000.5,True,"$500,001 - $1,000,000",,,True
cd571b785223089ce8c9::open,synthetic-member-echo::spouse,ZZHH,utilities,long,equity,2021-01-07,,2021-05-03,116,1454,True,underlying_adjusted_close,0.17097318415911933,0.06755169964298635,0.4655651378494048,XLU,0.4860398114773561,-0.39801343820641844,-0.41848811183436974,False,599999.5,750000.5,True,"$500,001 - $1,000,000",,,True
91bf0eb79b9075213bc4::open,synthetic-member-echo::spouse,ZZHH,utilities,long,equity,2023-02-27,,2023-03-30,31,673,True,underlying_adjusted_close,0.020583936252141388,-0.08668867909701017,0.3339510869946176,XLU,0.2674884578654875,-0.4206397660916278,-0.35417713696249764,False,8000.5,8000.5,False,"$1,001 - $15,000",,,True
e6ea3d63b765afb7b875::open,synthetic-member-echo::spouse,ZZHH,utilities,long,equity,2023-06-26,,2023-07-18,22,554,True,underlying_adjusted_close,-0.003995840825534724,0.016927635905984006,0.05363462715581546,XLU,0.31437566892383084,-0.036706991249831455,-0.29744803301784684,False,75000.5,75000.5,False,"$50,001 - $100,000",,,True
5ecc33412d7653ec976d::open,synthetic-member-echo::spouse,ZZHH,utilities,long,equity,2024-04-12,,2024-05-03,21,263,True,underlying_adjusted_close,0.01206593563769709,-0.0316694358560613,0.13545534913122026,XLU,0.064793017695437,-0.16712478498728156,-0.0964624535514983,False,8000.5,8000.5,False,"$1,001 - $15,000",,,True
715d7285902dab4d0ccd::open,synthetic-member-echo::spouse,ZZHH,utilities,long,etf,2024-04-17,,2024-06-13,57,258,True,underlying_adjusted_close,0.0011566332884935804,-0.047201295866521886,0.11110711058260891,XLU,0.04901033285053513,-0.1583084064491308,-0.09621162871705702,False,75000.5,75000.5,False,"$50,001 - $100,000",,,True
b23c1929b1a278403f22::open,synthetic-member-echo::spouse,ZZHH,utilities,short,short,2019-08-21,,2019-10-22,62,1959,True,underlying_adjusted_close,0.032528135014947446,-0.15491524300868686,0.5005162395333913,XLU,0.598691880007276,-0.6554314825420782,-0.7536071230159629,False,175000.5,175000.5,False,"$100,001 - $250,000",,,True
c9f4402db905ccb6391a::open,synthetic-member-echo::spouse,ZZII,consumer_discretionary,long,equity,2021-11-08,,2021-11-12,4,1149,True,underlying_adjusted_close,0.03481756414317849,0.14365258556559768,0.5354511489680245,XLY,0.8847669865134491,-0.3917985634024268,-0.7411144009478514,False,8000.5,8000.5,False,"$1,001 - $15,000",,,True
e772d35e8506a0c66c61::open,synthetic-member-echo::spouse,ZZII,consumer_discretionary,long,equity,2024-06-10,,2024-08-08,59,204,True,underlying_adjusted_close,0.15477834744175323,-0.06690868836932917,0.022507968518753918,XLY,0.12433499604899256,-0.08941665688808309,-0.19124368441832174,False,8000.5,8000.5,False,"$1,001 - $15,000",,,True
39709bf4a9ed8e0017e5::d1870be47d73530a3788,synthetic-member-echo::spouse,ZZJJ,real_estate,long,equity,2019-05-02,2020-01-14,2019-05-20,18,257,False,underlying_adjusted_close,0.01263430840288482,0.3412041163601005,-0.018247426141117407,XLRE,-0.2234076877621528,0.3594515425012179,0.5646118041222533,False,32500.5,32500.5,False,"$15,001 - $50,000",,,True
0ee0b690ccd126e11ec6::87cdf8c1c54f357f47dd,synthetic-member-echo::spouse,ZZJJ,real_estate,long,equity,2020-03-17,2020-09-25,2020-04-15,29,192,False,underlying_adjusted_close,0.08609596191182356,0.15769178235885217,-0.03874002123489284,XLRE,-0.09471692433397105,0.196431803593745,0.2524087066928232,False,32500.5,32500.5,False,"$15,001 - $50,000",,,True
c3c004b7a655183f03dd::f5f9b48f2a5016512ced,synthetic-member-echo::spouse,ZZJJ,real_estate,long,equity,2021-10-01,2023-07-17,2022-06-03,245,654,False,underlying_adjusted_close,-0.20538277906733693,-0.18238935765283115,0.2868256305216037,XLRE,0.21735169148764055,-0.46921498817443485,-0.3997410491404717,False,175000.5,375000.5,True,"$250,001 - $500,000",,,True
c3c004b7a655183f03dd::open,synthetic-member-echo::spouse,ZZJJ,real_estate,long,equity,2021-10-01,,2022-06-03,245,1187,True,underlying_adjusted_close,-0.20538277906733693,0.11316432162462453,0.455065964024566,XLRE,0.18830732027145558,-0.3419016423999415,-0.07514299864683105,False,200000.0,375000.5,True,"$250,001 - $500,000",,,True
011031f00380f3f30b7e::open,synthetic-member-echo::spouse,ZZJJ,real_estate,long,equity,2024-06-11,,2024-08-02,52,203,True,underlying_adjusted_close,0.07736894053034549,-0.011157584078882565,0.00808923199530076,XLRE,-0.19958704941068517,-0.019246816074183326,0.1884294653318026,False,8000.5,8000.5,False,"$1,001 - $15,000",,,True
34ef9e53d21eb8efa234::open,synthetic-member-echo::spouse,ZZJJ,real_estate,short,short,2021-10-12,,2022-11-11,395,1176,True,underlying_adjusted_close,0.24938136197618388,-0.09342514750059405,0.49234605744737303,XLRE,0.17753870818039919,-0.5857712049479671,-0.27096385568099324,False,375000.5,375000.5,False,"$250,001 - $500,000",,,True
e9bb56b4936e71165bab::f9e9a792387c1236a1f3,synthetic-member-foxtrot,ZZAA,energy,long,equity,2020-11-16,2021-02-15,2020-11-27,11,91,False,underlying_adjusted_close,-0.03066249932775733,-0.24990419028802013,0.0791790131918888,XLE,0.017782701201907614,-0.32908320347990894,-0.26768689148992775,False,8000.5,8000.5,False,"$1,001 - $15,000",,,True
874b1ff9950014d29379::0adb6de52ce7755325a1,synthetic-member-foxtrot,ZZAA,energy,long,equity,2023-01-20,2024-01-05,2023-05-30,130,350,False,underlying_adjusted_close,0.12878977785572832,0.25121082103119785,0.14392377732136175,XLE,1.0061832096544863,0.1072870437098361,-0.7549723886232884,False,8000.5,8000.5,False,"$1,001 - $15,000",,,True
04d79398cec875bbaae3::open,synthetic-member-foxtrot,ZZAA,energy,long,equity,2024-02-09,,2024-03-19,39,326,True,underlying_adjusted_close,0.27671009440428085,0.9396646652358689,0.11060709123649537,XLE,0.013501205983868614,0.8290575739993735,0.9261634592520003,False,50000001.0,50000001.0,False,"over $50,000,000",,,True
16fdd39f9b5a795d1efc::open,synthetic-member-foxtrot,ZZAA,energy,long,equity,2024-08-28,,2024-10-07,40,125,True,underlying_adjusted_close,-0.051976450986497724,0.16831361626136365,0.01063994255027012,XLE,-0.024037214805903484,0.15767367371109353,0.19235083106726714,False,32500.5,32500.5,False,"$15,001 - $50,000",,,True
0fb051cd98811a391099::open,synthetic-member-foxtrot,ZZBB,defense,long,option_call,2020-08-17,,2020-10-01,45,1597,True,underlying_proxy_for_option,-0.0435620137249394,-0.19383952282887484,0.6258561294358542,ITA,0.5957145235932875,-0.8196956522647291,-0.7895540464221623,False,375000.5,375000.5,False,"$250,001 - $500,000",,,True
ed6e570808c9751d5a3e::open,synthetic-member-foxtrot,ZZCC,technology,short,short,2020-10-30,,2021-04-06,158,1523,True,underlying_adjusted_close,-0.03125873734831974,-0.5993721091858988,0.5493990497694987,XLK,1.203679610667646,-1.1487711589553975,-1.8030517198535447,False,32500.5,32500.5,False,"$15,001 - $50,000",,,True
616735ae07d6ed968c75::open,synthetic-member-foxtrot,ZZDD,financials,long,equity,2021-10-22,,2021-11-02,11,1166,True,underlying_adjusted_close,-0.09871418710222546,0.5335350294741608,0.49803510484397173,XLF,0.6636716527185278,0.03549992463018903,-0.13013662324436703,False,8000.5,8000.5,False,"$1,001 - $15,000",,,True
0cb189e47cffb5fc8c1b::open,synthetic-member-foxtrot,ZZDD,financials,long,equity,2023-09-05,,2023-10-06,31,483,True,underlying_adjusted_close,0.0173081795595158,-0.2575465490417421,0.1495198170680554,XLF,0.10846879142226973,-0.4070663661097975,-0.36601534046401185,False,8000.5,8000.5,False,"$1,001 - $15,000",SYN-EV-025,4,True
d3832730b73dbd193328::open,synthetic-member-foxtrot,ZZDD,financials,short,option_put,2024-05-14,,2024-12-31,231,231,True,underlying_proxy_for_option,0.2844374384184749,0.2844374384184749,0.07299889926695058,XLF,0.06819680371601744,0.21143853915152433,0.21624063470245747,False,8000.5,8000.5,False,"$1,001 - $15,000",,,True
8609caa3dca89e6a2bb3::9e576983bd938e159996,synthetic-member-foxtrot,ZZEE,health_care,long,equity,2023-03-27,2023-11-24,2023-05-26,60,242,False,underlying_adjusted_close,-0.043408321854252696,-0.003677945038857877,0.15081632023810698,XLV,-0.09397540740626387,-0.15449426527696486,0.09029746236740599,False,32500.5,32500.5,False,"$15,001 - $50,000",,,True
a05934ee8b4011c245e0::open,synthetic-member-foxtrot,ZZGG,semiconductors,long,etf,2020-06-23,,2020-07-01,8,1652,True,underlying_adjusted_close,-0.010393552769187075,1.1141467999588595,0.4862014462590296,SOXX,2.248186989185651,0.6279453536998298,-1.1340401892267917,False,32500.5,32500.5,False,"$15,001 - $50,000",,,True
364bd6f9b914dbff0e55::open,synthetic-member-foxtrot,ZZHH,utilities,long,option_call,2019-09-26,,2019-11-18,53,1923,True,underlying_proxy_for_option,0.06147351940850987,0.33464343884993974,0.5943537220240216,XLU,0.5356626802582378,-0.25971028317408185,-0.20101924140829808,False,32500.5,32500.5,False,"$15,001 - $50,000",,,True
3424b6cda96e4ecb1302::open,synthetic-member-foxtrot,ZZJJ,real_estate,long,option_call,2021-06-01,,2021-06-17,16,1309,True,underlying_proxy_for_option,-0.1444054659869478,-0.17183361416237763,0.5267998659271265,XLRE,0.24487975451366584,-0.6986334800895041,-0.41671336867604347,False,375000.5,375000.5,False,"$250,001 - $500,000",,,True
ab45d36887432f9fa3bc::25215d104288e1a4defc,synthetic-member-foxtrot::dependent_child,ZZGG,semiconductors,short,option_put,2021-08-10,2024-10-04,2021-10-01,52,1151,False,underlying_proxy_for_option,0.006723797050422475,-0.012815747924120657,0.4486583139894589,SOXX,0.7572419241573034,-0.46147406191357954,-0.7700576720814241,False,32500.5,375000.5,True,"$250,001 - $500,000",,,True
ab45d36887432f9fa3bc::open,synthetic-member-foxtrot::dependent_child,ZZGG,semiconductors,short,option_put,2021-08-10,,2021-10-01,52,1239,True,underlying_proxy_for_option,0.006723797050422475,0.13156246294099827,0.4646164226181595,SOXX,1.6608063031430307,-0.3330539596771612,-1.5292438402020325,False,342500.0,375000.5,True,"$250,001 - $500,000",,,True
35deefd95e50c37e6506::open,synthetic-member-foxtrot::joint,ZZAA,energy,long,option_call,2019-05-31,,2020-02-17,262,2041,True,underlying_proxy_for_option,-0.2981478303400579,0.3489947571199341,0.3745852722074996,XLE,2.897552622855155,-0.02559051508756549,-2.548557865735221,False,8000.5,8000.5,False,"$1,001 - $15,000",,,True
f5f1d510190a5398bdec::open,synthetic-member-foxtrot::joint,ZZCC,technology,short,option_put,2019-08-13,,2019-08-27,14,1967,True,underlying_proxy_for_option,0.039884918498645394,-0.060149500048538806,0.434363563275185,XLK,1.349604335024995,-0.4945130633237238,-1.409753835073534,False,8000.5,8000.5,False,"$1,001 - $15,000",,,True
e800679feb5ea89f37d1::open,synthetic-member-foxtrot::joint,ZZFF,gold_mining,long,option_call,2023-10-26,,2023-11-29,34,432,True,underlying_proxy_for_option,-0.07890415746484725,-0.6010608329391489,0.09593324313230278,GDX,-0.14909363830768907,-0.6969940760714517,-0.45196719463145985,False,8000.5,8000.5,False,"$1,001 - $15,000",,,True
54e7cf1f3e9f22e4066e::177f6e6f811df9321bc7,synthetic-member-foxtrot::joint,ZZII,consumer_discretionary,long,equity,2019-07-22,2022-04-11,2019-10-15,85,994,False,underlying_adjusted_close,0.262456458722538,1.307720547613192,0.03001187412559503,XLY,0.0446857157903513,1.2777086734875969,1.2630348318228406,False,32500.5,32500.5,False,"$15,001 - $50,000",,,True
c7978f70b79445f80420::fa38bdc1e885f6b51150,synthetic-member-foxtrot::joint,ZZII,consumer_discretionary,long,equity,2024-10-14,2024-10-28,2024-12-04,51,14,False,underlying_adjusted_close,-0.0989921773284389,-0.06771282342285323,-0.011606944613766546,XLY,0.04854529907205407,-0.056105878809086684,-0.1162581224949073,False,8000.5,375000.5,True,"$250,001 - $500,000",,,True
c7978f70b79445f80420::open,synthetic-member-foxtrot::joint,ZZII,consumer_discretionary,long,equity,2024-10-14,,2024-12-04,51,78,True,underlying_adjusted_close,-0.0989921773284389,-0.15374815010060594,0.00870550293324479,XLY,0.060288304081583144,-0.16245365303385073,-0.21403645418218908,False,367000.0,375000.5,True,"$250,001 - $500,000",,,True
e117f2141107bc275490::open,synthetic-member-foxtrot::spouse,ZZBB,defense,short,short,2023-08-17,,2023-10-13,57,502,True,underlying_adjusted_close,-0.036450276973068796,0.08222833782923078,0.1250843289126482,ITA,0.17549397698882618,-0.04285599108341742,-0.0932656391595954,False,8000.5,8000.5,False,"$1,001 - $15,000",,,True
22b657a47f0d19045ca4::3d1a6d246021edfc8106,synthetic-member-foxtrot::spouse,ZZCC,technology,long,equity,2021-05-18,2022-05-05,2021-05-21,3,352,False,underlying_adjusted_close,0.042331981536143815,0.23411784284700743,0.0969981082895277,XLK,0.10506442774095603,0.13711973455747972,0.1290534151060514,False,375000.5,375000.5,False,"$250,001 - $500,000",,,True
02072c5de7c6e840e987::278a666b147c1af2b6b0,synthetic-member-foxtrot::spouse,ZZCC,technology,long,etf,2024-04-10,2024-05-21,2024-05-29,49,41,False,underlying_adjusted_close,-0.21366726624188292,-0.1901390201518245,0.0767938197311051,XLK,-0.10615514194084097,-0.2669328398829296,-0.08398387821098352,False,8000.5,8000.5,False,"$1,001 - $15,000",,,True
c19e926e78f921501a95::3ba4985516c6e6879794,synthetic-member-foxtrot::spouse,ZZDD,financials,short,short,2019-06-18,2022-06-20,2019-07-02,14,1098,False,underlying_adjusted_close,-0.0867822853022655,-0.089834201837941,-0.016115636805235756,XLF,0.8750734954987307,-0.07371856503270524,-0.9649076973366717,False,32500.5,75000.5,True,"$50,001 - $100,000",,,True
c19e926e78f921501a95::open,synthetic-member-foxtrot::spouse,ZZDD,financials,short,short,2019-06-18,,2019-07-02,14,2023,True,underlying_adjusted_close,-0.0867822853022655,-0.7429559249723869,0.3959309504501016,XLF,1.4240945530593492,-1.1388868754224886,-2.167050478031736,False,42500.0,75000.5,True,"$50,001 - $100,000",,,True
27e347f52b4f7d8a316a::open,synthetic-member-foxtrot::spouse,ZZEE,health_care,long,option_call,2024-09-25,,2024-11-20,56,97,True,underlying_proxy_for_option,-0.11664665278734887,-0.15452304666143357,0.03904556564701234,XLV,-0.11663158411057195,-0.1935686123084459,-0.03789146255086162,False,75000.5,75000.5,False,"$50,001 - $100,000",,,True
09c74a1e7e45e76e6901::open,synthetic-member-foxtrot::spouse,ZZFF,gold_mining,long,equity,2022-07-18,,2022-08-31,44,897,True,underlying_adjusted_close,-0.09332244738663642,-0.7562416238347005,0.4292728254402194,GDX,-0.2624591777024443,-1.18551444927492,-0.4937824461322562,False,8000.5,8000.5,False,"$1,001 - $15,000",,,True
f51a7d1d20c5c9f8c01c::open,synthetic-member-foxtrot::spouse,ZZFF,gold_mining,long,etf,2022-08-09,,2022-08-22,13,875,True,underlying_adjusted_close,-0.10093565425973239,-0.7824558665275645,0.38865461733423934,GDX,-0.215452424764913,-1.1711104838618038,-0.5670034417626515,False,75000.5,75000.5,False,"$50,001 - $100,000",,,True
df429c4da3d8c44ebead::open,synthetic-member-foxtrot::spouse,ZZFF,gold_mining,long,etf,2024-03-05,,2024-03-29,24,301,True,underlying_adjusted_close,-0.19626663501121366,-0.4386322300560047,0.119091948882186,GDX,-0.32438049320975637,-0.5577241789381907,-0.11425173684624834,False,75000.5,75000.5,False,"$50,001 - $100,000",,,True
5d400510eb331fd749b0::open,synthetic-member-foxtrot::spouse,ZZFF,gold_mining,long,equity,2024-08-21,,2024-10-10,50,132,True,underlying_adjusted_close,0.06949716711211318,-0.0017114186303374135,0.003285060093812797,GDX,-0.37314268448124377,-0.004996478724150211,0.37143126585090636,False,8000.5,8000.5,False,"$1,001 - $15,000",,,True
b18a9228443c6812f2ad::0d343b88fb2e8cd35f91,synthetic-member-foxtrot::spouse,ZZHH,utilities,long,equity,2021-07-22,2023-05-23,2021-09-13,53,670,False,underlying_adjusted_close,0.04121878809876134,-0.18071318554503912,0.2955562147477415,XLU,0.29024765096907434,-0.47626940029278064,-0.47096083651411347,False,8000.5,8000.5,False,"$1,001 - $15,000",,,True
0e95b65b29d3873a9da8::open,synthetic-member-foxtrot::spouse,ZZHH,utilities,long,equity,2023-06-08,,2023-08-09,62,572,True,underlying_adjusted_close,-0.06567222280966312,-0.06071055501039535,0.09206929641945139,XLU,0.322690659250777,-0.15277985142984674,-0.38340121426117235,False,8000.5,8000.5,False,"$1,001 - $15,000",SYN-EV-026,1,True
aae7302b5dc4d6bde4fb::open,synthetic-member-foxtrot::spouse,ZZJJ,real_estate,long,equity,2020-08-20,,2020-09-07,18,1594,True,underlying_adjusted_close,0.009588859046880005,-0.13242421189588693,0.610303142841697,XLRE,-0.21547507954532674,-0.7427273547375839,0.08305086764943981,False,8000.5,8000.5,False,"$1,001 - $15,000",,,True
eed58a62cfef4f1acf00::open,synthetic-member-golf,ZZAA,energy,long,option_call,2022-01-19,,2022-02-21,33,1077,True,underlying_proxy_for_option,-0.0029440720609258397,0.9766775175493851,0.44080941981681265,XLE,1.176339006386966,0.5358680977325725,-0.19966148883758095,False,8000.5,8000.5,False,"$1,001 - $15,000",,,True
6ce8f138a2072bbf1bf4::open,synthetic-member-golf,ZZAA,energy,short,option_put,2019-07-16,,2019-08-08,23,1995,True,underlying_proxy_for_option,-0.09777266476231783,-0.13819657847076994,0.47227045557307257,XLE,2.4782420752802534,-0.6104670340438425,-2.6164386537510236,False,32500.5,32500.5,False,"$15,001 - $50,000",SYN-EV-016,0,True
0410de6185eaf67caddc::open,synthetic-member-golf,ZZBB,defense,long,option_call,2024-11-04,,2024-12-03,29,57,True,underlying_proxy_for_option,0.05322303524803007,0.008061104006195086,0.011563344578632062,ITA,-0.0760315280738103,-0.0035022405724369765,0.08409263208000539,False,175000.5,175000.5,False,"$100,001 - $250,000",,,True
cbfcb41aad7eb1d4bf55::7ddb53b20e71ed410de3,synthetic-member-golf,ZZFF,gold_mining,long,equity,2019-09-19,2022-11-18,2019-10-24,35,1156,False,underlying_adjusted_close,0.3154708461052589,0.5487308860629152,0.15252314241054243,GDX,0.8486018844873349,0.39620774365237277,-0.29987099842441967,False,8000.5,8000.5,False,"$1,001 - $15,000",,,True
a6695d256cadcd75e726::open,synthetic-member-golf,ZZFF,gold_mining,long,equity,2021-08-19,,2021-09-20,32,1230,True,underlying_adjusted_close,-0.030393029585578102,-0.6914405492067635,0.4943629744509228,GDX,-0.32675495038610136,-1.1858035236576863,-0.3646855988206621,False,32500.5,32500.5,False,"$15,001 - $50,000",,,True
d2ab26bf6521cb4b9f7a::open,synthetic-member-golf,ZZFF,gold_mining,long,option_call,2022-06-03,,2022-07-01,28,942,True,underlying_proxy_for_option,-0.09245147943539045,-0.7624228255233332,0.416989841653564,GDX,-0.2957285714508685,-1.1794126671768972,-0.4666942540724647,False,8000.5,8000.5,False,"$1,001 - $15,000",,,True
12dbf696fb945ca4431c::4e3c4eceb09f2729cbaf,synthetic-member-golf,ZZGG,semiconductors,long,equity,2019-09-09,2020-07-09,2019-10-14,35,304,False,underlying_adjusted_close,-0.09983599302319524,-0.20079265839941618,0.0010599080998896504,SOXX,0.22206695970937784,-0.20185256649930583,-0.422859618108794,False,8000.5,750000.5,True,"$500,001 - $1,000,000",,,True
12dbf696fb945ca4431c::c5da5c32a4d34755ce59,synthetic-member-golf,ZZGG,semiconductors,long,equity,2019-09-09,2022-12-01,2019-10-14,35,1179,False,underlying_adjusted_close,-0.09983599302319524,2.835016791190483,0.1189679183697736,SOXX,0.9811612780183125,2.7160488728207093,1.8538555131721703,False,8000.5,750000.5,True,"$500,001 - $1,000,000",,,True
12dbf696fb945ca4431c::open,synthetic-member-golf,ZZGG,semiconductors,long,equity,2019-09-09,,2019-10-14,35,1940,True,underlying_adjusted_close,-0.09983599302319524,0.7434441297175101,0.5197462786755276,SOXX,3.1133825894486282,0.22369785104198248,-2.3699384597311184,False,733999.5,750000.5,True,"$500,001 - $1,000,000",,,True
60f4ce7a92e9d95d4c9d::open,synthetic-member-golf,ZZGG,semiconductors,long,equity,2022-05-03,,2022-06-24,52,973,True,underlying_adjusted_close,0.26521141304788376,-0.34004546667554614,0.3864423779002091,SOXX,1.3236248066737315,-0.7264878445757552,-1.6636702733492776,False,8000.5,8000.5,False,"$1,001 - $15,000",,,True
b4dc253f6ca77333f91b::open,synthetic-member-golf,ZZGG,semiconductors,long,equity,2024-07-10,,2024-09-02,54,174,True,underlying_adjusted_close,-0.025907207396179244,-0.1350939197196105,0.011353386633095264,SOXX,0.5461718635833495,-0.14644730635270575,-0.68126578330296,False,8000.5,8000.5,False,"$1,001 - $15,000",SYN-EV-014,2,True
8d005384052898a5c840::open,synthetic-member-golf,ZZGG,semiconductors,long,equity,2024-08-15,,2024-11-07,84,138,True,underlying_adjusted_close,0.0649653528881049,-0.129404011806164,0.018095890834387562,SOXX,0.5447141762177699,-0.14749990264055157,-0.6741181880239339,False,8000.5,8000.5,False,"$1,001 - $15,000",,,True
413e0400976f88e511d0::open,synthetic-member-golf,ZZGG,semiconductors,long,option_call,2020-02-13,,2020-03-09,25,1783,True,underlying_proxy_for_option,-0.05017102911600868,2.099723188143972,0.5360811659192826,SOXX,3.065054839107206,1.5636420222246894,-0.9653316509632339,False,32500.5,32500.5,False,"$15,001 - $50,000",,,True
77203a041e04dc901e2d::d72424507dc61541f138,synthetic-member-golf,ZZJJ,real_estate,long,equity,2023-04-28,2024-08-05,2023-06-13,46,465,False,underlying_adjusted_close,-0.03388479408983358,0.49382593822865717,0.24913228670513576,XLRE,0.08205945226475198,0.2446936515235214,0.4117664859639052,False,8000.5,750000.5,True,"$500,001 - $1,000,000",,,True
77203a041e04dc901e2d::open,synthetic-member-golf,ZZJJ,real_estate,long,equity,2023-04-28,,2023-06-13,46,613,True,underlying_adjusted_close,-0.03388479408983358,0.38178472547018116,0.232304332810499,XLRE,-0.061858858010997664,0.14948039265968216,0.4436435834811788,False,742000.0,750000.5,True,"$500,001 - $1,000,000",,,True
d96148ee3edcfbf22211::open,synthetic-member-golf,ZZJJ,real_estate,long,option_call,2020-04-07,,2020-05-01,24,1729,True,underlying_proxy_for_option,0.15798302671684672,-0.02165290095211858,0.502913944418534,XLRE,-0.2239343806478521,-0.5245668453706526,0.2022814796957335,False,375000.5,375000.5,False,"$250,001 - $500,000",,,True
956e440d7f9b865628a8::4c145b16dec039dc5093,synthetic-member-golf::dependent_child,ZZBB,defense,long,equity,2020-02-27,2020-05-04,2021-03-05,372,67,False,underlying_adjusted_close,-0.0050858478371567095,0.021670474872370837,0.02957389851129122,ITA,0.1924310777911633,-0.007903423638920382,-0.17076060291879247,False,8000.5,175000.5,True,"$100,001 - $250,000",,,True
956e440d7f9b865628a8::open,synthetic-member-golf::dependent_child,ZZBB,defense,long,equity,2020-02-27,,2021-03-05,372,1769,True,underlying_adjusted_close,-0.0050858478371567095,-0.12026165637363073,0.5045034598922615,ITA,0.9179285726716697,-0.6247651162658923,-1.0381902290453005,False,167000.0,175000.5,True,"$100,001 - $250,000",,,True
ba0efad0a26cc0e5fe54::open,synthetic-member-golf::dependent_child,ZZBB,defense,long,etf,2022-10-19,,2022-11-29,41,804,True,underlying_adjusted_close,0.03097495401160333,-0.23111189216576822,0.382298309464826,ITA,0.18785805434012603,-0.6134102016305942,-0.41896994650589425,False,32500.5,32500.5,False,"$15,001 - $50,000",,,True
27dcda25a65978fca489::open,synthetic-member-golf::dependent_child,ZZBB,defense,long,etf,2023-09-22,,2023-10-19,27,466,True,underlying_adjusted_close,-0.12520522231117415,-0.20394206421745198,0.11598563781317095,ITA,0.06862156217458715,-0.31992770203062293,-0.2725636263920391,False,32500.5,32500.5,False,"$15,001 - $50,000",,,True
9766918478b3cea7b2f9::458f2d3b04ccdf8cee33,synthetic-member-golf::dependent_child,ZZBB,defense,short,option_put,2019-11-14,2021-10-25,2020-01-06,53,711,False,underlying_proxy_for_option,0.050935810611893895,-0.14041932409898816,-0.009698314598368007,ITA,0.09316142994857746,-0.13072100950062016,-0.23358075404756562,False,8000.5,8000.5,False,"$1,001 - $15,000",,,True
b46b96a4bb96fd2c0825::fd042c805e1dfe055226,synthetic-member-golf::dependent_child,ZZBB,defense,short,option_put,2022-01-24,2024-02-09,2022-02-15,22,746,False,underlying_proxy_for_option,-0.010035580390190368,0.1578436850777276,0.2940240133651857,ITA,0.5353934620348748,-0.13618032828745807,-0.3775497769571472,False,8000.5,8000.5,False,"$1,001 - $15,000",,,True
3385ebb9b15f2464706b::1a15c0ee07b20a4ab9b2,synthetic-member-golf::dependent_child,ZZCC,technology,long,equity,2019-08-01,2021-09-09,2019-08-22,21,770,False,underlying_adjusted_close,-0.07213017482169748,-0.2946043123022488,0.0036703289504307346,XLK,0.5662031830560423,-0.29827464125267955,-0.8608074953582912,False,8000.5,8000.5,False,"$1,001 - $15,000",,,True
e2a01d871e3cc21f1d53::30d1718589a211e1fe08,synthetic-member-golf::dependent_child,ZZCC,technology,long,etf,2024-04-11,2024-10-14,2024-04-30,19,186,False,underlying_adjusted_close,-0.16778554538371848,-0.23851935809130687,0.12821805960598898,XLK,-0.06449120765793159,-0.36673741769729584,-0.17402815043337527,False,8000.5,75000.5,True,"$50,001 - $100,000",,,True
e2a01d871e3cc21f1d53::open,synthetic-member-golf::dependent_child,ZZCC,technology,long,etf,2024-04-11,,2024-04-30,19,264,True,underlying_adjusted_close,-0.16778554538371848,-0.3684866276031673,0.13803976523322858,XLK,-0.25398630245656717,-0.5065263928363959,-0.11450032514660013,False,67000.0,75000.5,True,"$50,001 - $100,000",,,True
252e85632b907600ca61::open,synthetic-member-golf::dependent_child,ZZCC,technology,long,equity,2024-09-23,,2024-11-15,53,99,True,underlying_adjusted_close,-0.08327928270338525,-0.17287663649470986,0.011059949999852492,XLK,-0.22803748587800043,-0.18393658649456235,0.05516084938329058,False,8000.5,8000.5,False,"$1,001 - $15,000",,,True
38c00cb94d17f7ca9939::dbe1985c9514acd87f01,synthetic-member-golf::dependent_child,ZZII,consumer_discretionary,long,equity,2020-01-30,2022-06-20,2021-04-13,439,872,False,underlying_adjusted_close,0.21873938445814,0.7366360367901217,0.06996218882895278,XLY,-0.21665648138825744,0.6666738479611689,0.9532925181783791,False,8000.5,8000.5,False,"$1,001 - $15,000",,,True
838a0f4ea1abfc08812e::5e42cae9f446b730a9b5,synthetic-member-golf::dependent_child,ZZII,consumer_discretionary,long,equity,2022-11-15,2023-07-11,2022-11-21,6,238,False,underlying_adjusted_close,0.005456240473321827,0.2784867070256216,0.23464965817869787,XLY,0.02856020241496071,0.04383704884692374,0.2499265046106609,False,8000.5,8000.5,False,"$1,001 - $15,000",,,True
059f70155582c876ce62::open,synthetic-member-golf::dependent_child,ZZII,consumer_discretionary,long,equity,2023-12-07,,2024-01-29,53,390,True,underlying_adjusted_close,0.07596119953697555,0.04590144885736591,0.1268846047815586,XLY,0.33507243470086334,-0.0809831559241927,-0.28917098584349743,False,750000.5,750000.5,False,"$500,001 - $1,000,000",,,True
993e0c59c2a14bc6303b::open,synthetic-member-golf::dependent_child,ZZII,consumer_discretionary,long,etf,2024-08-07,,2024-09-24,48,146,True,underlying_adjusted_close,0.0919930688302737,-0.1617710153049473,-0.014599512342745369,XLY,0.025102141947080936,-0.14717150296220194,-0.18687315725202824,False,8000.5,8000.5,False,"$1,001 - $15,000",,,True
24264ee8f4f70e8f2cf7::open,synthetic-member-golf::dependent_child,ZZJJ,real_estate,short,short,2021-01-18,,2021-02-02,15,1443,True,underlying_adjusted_close,0.015429678935690694,0.2900786655792049,0.44741254368062333,XLRE,-0.13416056582702562,-0.1573338781014184,0.42423923140623054,False,175000.5,175000.5,False,"$100,001 - $250,000",,,True
4cb7d9368dcb8cd54b23::6639832eada6c060fd16,synthetic-member-golf::joint,ZZAA,energy,long,equity,2020-10-12,2022-11-17,2020-11-24,43,766,False,underlying_adjusted_close,0.21961273689536887,-0.22088904628621198,0.16621067190460148,XLE,0.2075149882460332,-0.38709971819081346,-0.4284040345322452,False,32500.5,750000.5,True,"$500,001 - $1,000,000",,,True
4cb7d9368dcb8cd54b23::25fdb7387c99c0821111,synthetic-member-golf::joint,ZZAA,energy,long,equity,2020-10-12,2024-08-22,2020-11-24,43,1410,False,underlying_adjusted_close,0.21961273689536887,0.6775719054279088,0.5597921872639153,XLE,1.5421845052581054,0.11777971816399346,-0.8646125998301966,False,75000.5,750000.5,True,"$500,001 - $1,000,000",,,True
4cb7d9368dcb8cd54b23::open,synthetic-member-golf::joint,ZZAA,energy,long,equity,2020-10-12,,2020-11-24,43,1541,True,underlying_adjusted_close,0.21961273689536887,0.8224272251515257,0.5925154871627984,XLE,1.3976784651281005,0.22991173798872722,-0.5752512399765748,False,642499.5,750000.5,True,"$500,001 - $1,000,000",,,True
1f345577e6247094dbe7::open,synthetic-member-golf::joint,ZZAA,energy,long,etf,2022-03-04,,2022-05-03,60,1033,True,underlying_adjusted_close,-0.0446345047984007,0.8663012664358876,0.43169218706375845,XLE,1.0405376989699335,0.4346090793721291,-0.17423643253404597,False,8000.5,8000.5,False,"$1,001 - $15,000",,,True
42ce352bd1d9a9607d9e::23e3cd4825e0fb5180a7,synthetic-member-golf::joint,ZZEE,health_care,short,short,2020-12-09,2022-01-25,2021-02-09,62,412,False,underlying_adjusted_close,-0.048125797077508414,-0.0074871619154475155,0.04661398278868334,XLV,-0.15116614789174365,-0.054101144704130855,0.14367898597629614,False,8000.5,8000.5,False,"$1,001 - $15,000",,,True
476e4525630c7392f61f::open,synthetic-member-golf::joint,ZZHH,utilities,long,etf,2021-06-10,,2021-07-01,21,1300,True,underlying_adjusted_close,0.02345529692435866,-0.15617503075157269,0.5544706230977317,XLU,0.6300840281921842,-0.7106456538493043,-0.7862590589437569,False,375000.5,375000.5,False,"$250,001 - $500,000",,,True
b8866cdbaf67ec32201d::open,synthetic-member-golf::joint,ZZHH,utilities,long,equity,2024-06-21,,2024-08-12,52,193,True,underlying_adjusted_close,0.09123772338270952,-0.0476827468758344,-0.009079085385926833,XLU,0.08998780276060958,-0.03860366148990757,-0.13767054963644398,False,32500.5,32500.5,False,"$15,001 - $50,000",,,True
f6af810c1028fb60684b::open,synthetic-member-golf::spouse,ZZDD,financials,long,option_call,2023-08-16,,2023-09-20,35,503,True,underlying_proxy_for_option,0.038443304843304826,-0.23502607933377162,0.12764099952497343,XLF,0.12041958087476679,-0.36266707885874505,-0.3554456602085384,False,8000.5,8000.5,False,"$1,001 - $15,000",,,True
c2fda44e05de2880aaa8::120d351bea000524225f,synthetic-member-golf::spouse,ZZEE,health_care,long,etf,2019-07-03,2019-12-30,2019-08-02,30,180,False,underlying_adjusted_close,0.06185557132123187,0.14935773721642742,0.010812994425567712,XLV,-0.05178582750027705,0.1385447427908597,0.20114356471670447,False,175000.5,3000000.5,True,"$1,000,001 - $5,000,000",,,True
c2fda44e05de2880aaa8::50134aa8b697774d11ce,synthetic-member-golf::spouse,ZZEE,health_care,long,etf,2019-07-03,2024-06-12,2019-08-02,30,1806,False,underlying_adjusted_close,0.06185557132123187,0.4276922376711654,0.4298950311846206,XLV,0.27851059000377987,-0.0022027935134552035,0.1491816476673855,False,175000.5,3000000.5,True,"$1,000,001 - $5,000,000",,,True
c2fda44e05de2880aaa8::open,synthetic-member-golf::spouse,ZZEE,health_care,long,etf,2019-07-03,,2019-08-02,30,2008,True,underlying_adjusted_close,0.06185557132123187,0.43668918665345435,0.4399366597208707,XLV,0.11565011051469787,-0.003247473067416351,0.3210390761387565,False,2649999.5,3000000.5,True,"$1,000,001 - $5,000,000",,,True
50ff78edd274cc3bb585::open,synthetic-member-golf::spouse,ZZEE,health_care,long,equity,2023-12-21,,2024-01-16,26,376,True,underlying_adjusted_close,0.038772929003924705,0.29410800074657395,0.15719208729020062,XLV,-0.08726487746664358,0.13691591345637333,0.3813728782132175,False,75000.5,75000.5,False,"$50,001 - $100,000",,,True
855c6c6cfa711a593cf6::open,synthetic-member-golf::spouse,ZZFF,gold_mining,short,short,2024-06-18,,2024-08-12,55,196,True,underlying_adjusted_close,0.22509256234346076,0.27904007404987474,0.006749160983830382,GDX,-0.3139539185640894,0.27229091306604436,0.5929939926139641,False,32500.5,32500.5,False,"$15,001 - $50,000",,,True
6bcfbe7bb7035a69901f::open,synthetic-member-golf::spouse,ZZGG,semiconductors,short,option_put,2022-05-17,,2022-05-27,10,959,True,underlying_proxy_for_option,-0.05231169547696357,0.38084436475066075,0.3945834746388923,SOXX,1.0030298863055926,-0.013739109888231571,-0.6221855215549319,False,75000.5,75000.5,False,"$50,001 - $100,000",,,True
8f9baa1079a58f8cde08::open,synthetic-member-golf::spouse,ZZHH,utilities,short,short,2021-02-22,,2021-02-25,3,1408,True,underlying_adjusted_close,-0.015551786311249538,0.04461462369362801,0.3817646935436507,XLU,0.6534525829138493,-0.3371500698500227,-0.6088379592202213,False,32500.5,32500.5,False,"$15,001 - $50,000",,,True
22fde435311eba43f186::75174db11a487421551b,synthetic-member-hotel,ZZAA,energy,long,equity,2019-11-11,2019-11-19,2020-08-04,267,8,False,underlying_adjusted_close,-0.199751734229206,-0.08179231927211228,-0.017760365768380693,XLE,-0.0816007026650728,-0.06403195350373159,-0.0001916166070394798,False,32500.5,32500.5,False,"$15,001 - $50,000",,,True
a554561a8afc31898935::open,synthetic-member-hotel,ZZAA,energy,long,equity,2020-04-28,,2020-05-20,22,1708,True,underlying_adjusted_close,-0.034825886502220293,0.670071387596405,0.44168505882966924,XLE,1.4246253945973106,0.2283863287667358,-0.7545540070009056,False,32500.5,32500.5,False,"$15,001 - $50,000",,,True
6410967604cd564bcc3e::open,synthetic-member-hotel,ZZAA,energy,long,equity,2023-03-08,,2023-04-07,30,664,True,underlying_adjusted_close,-0.07627580628888808,1.6656939455315727,0.34304890274929245,XLE,1.2204951580845362,1.3226450427822802,0.44519878744703645,False,8000.5,8000.5,False,"$1,001 - $15,000",,,True
d3ea6a2db4aa7febabc1::open,synthetic-member-hotel,ZZAA,energy,long,option_call,2020-03-31,,2020-05-11,41,1736,True,underlying_proxy_for_option,0.09619233221952994,0.7542319973085718,0.4699328685108517,XLE,1.4386838203152457,0.2842991287977201,-0.6844518230066738,False,8000.5,8000.5,False,"$1,001 - $15,000",,,True
55cd532388ee64f34f21::0cf4cae75a50ea315a35,synthetic-member-hotel,ZZAA,energy,short,short,2020-02-07,2021-03-30,2020-02-28,21,417,False,underlying_adjusted_close,-0.02668558999120685,0.033237585424926386,0.07104770851651043,XLE,0.08729855046742618,-0.03781012309158405,-0.0540609650424998,False,32500.5,32500.5,False,"$15,001 - $50,000",,,True
6ba8c81b6fe3a5da229d::open,synthetic-member-hotel,ZZAA,energy,short,short,2022-09-08,,2022-09-15,7,845,True,underlying_adjusted_close,-0.04943284493668898,-1.4746802964380836,0.39564714476800567,XLE,1.0960220885398022,-1.8703274412060893,-2.570702384977886,False,750000.5,750000.5,False,"$500,001 - $1,000,000",,,True
ef368e290f03401dae4c::215375b7374854f54206,synthetic-member-hotel,ZZBB,defense,long,option_call,2022-06-07,2024-09-18,2022-08-04,58,834,False,underlying_proxy_for_option,0.034536929198142774,-0.37502907382425454,0.3947830276763915,ITA,0.392622048763525,-0.769812101500646,-0.7676511225877796,False,32500.5,32500.5,False,"$15,001 - $50,000",,,True
36a9556cf08ff5e856dc::open,synthetic-member-hotel,ZZBB,defense,short,short,2023-03-15,,2023-10-05,204,657,True,underlying_adjusted_close,0.048876611488181454,0.19814414066181818,0.2598437562638911,ITA,0.4505242914387668,-0.06169961560207293,-0.25238015077694864,False,8000.5,8000.5,False,"$1,001 - $15,000",,,True
16221ff69cc4bb883e55::open,synthetic-member-hotel,ZZCC,technology,short,short,2019-06-14,,2019-06-20,6,2027,True,underlying_adjusted_close,-0.01464994539223441,-0.028188905208450965,0.3811017329788513,XLK,1.4103739377506317,-0.40929063818730227,-1.4385628429590827,False,750000.5,750000.5,False,"$500,001 - $1,000,000",,,True
755003b70f032ea84c15::c0b0e5e4612d2a44d339,synthetic-member-hotel,ZZFF,gold_mining,long,equity,2019-03-27,2021-03-19,2020-04-08,378,723,False,underlying_adjusted_close,0.7523663805147629,-0.040749479959017676,0.00580927227937722,GDX,0.22615705793545948,-0.046558752238394896,-0.26690653789447716,False,8000.5,8000.5,False,"$1,001 - $15,000",,,True
6210b838101c869f67fa::6fe8cd6d76f5594949d1,synthetic-member-hotel,ZZFF,gold_mining,long,equity,2022-03-23,2024-02-15,2023-04-06,379,694,False,underlying_adjusted_close,0.13208570679146692,-0.48167716958125295,0.35149951298932125,GDX,-0.0630855398027187,-0.8331766825705742,-0.41859162977853426,False,8000.5,8000.5,False,"$1,001 - $15,000",,,True
1ea2a457d187dbf835eb::6fe8cd6d76f5594949d1,synthetic-member-hotel,ZZFF,gold_mining,long,equity,2024-01-17,2024-02-15,2024-08-12,208,29,False,underlying_adjusted_close,-0.5501115873858837,-0.12859734972055736,-0.0025494584778349427,GDX,0.09826844792500666,-0.12604789124272242,-0.22686579764556403,False,24500.0,32500.5,True,"$15,001 - $50,000",,,True
1ea2a457d187dbf835eb::open,synthetic-member-hotel,ZZFF,gold_mining,long,equity,2024-01-17,,2024-08-12,208,349,True,underlying_adjusted_close,-0.5501115873858837,-0.5814319222112637,0.12336899754859765,GDX,-0.21775302448801637,-0.7048009197598614,-0.36367889772324735,False,8000.5,32500.5,True,"$15,001 - $50,000",,,True
6c93a9f3546aaa56f5b4::f54901aa0cd22b9c7937,synthetic-member-hotel,ZZGG,semiconductors,long,equity,2019-09-10,2020-06-29,2019-09-20,10,293,False,underlying_adjusted_close,0.014835471508632736,-0.18717053322626886,0.036300328832446604,SOXX,0.2311748641881306,-0.22347086205871547,-0.41834539741439947,False,8000.5,375000.5,True,"$250,001 - $500,000",,,True
6c93a9f3546aaa56f5b4::65745d80bb96c78f549a,synthetic-member-hotel,ZZGG,semiconductors,long,equity,2019-09-10,2021-08-25,2019-09-20,10,715,False,underlying_adjusted_close,0.014835471508632736,1.0696391556853055,0.025526384031637095,SOXX,0.40240397991009336,1.0441127716536684,0.6672351757752122,False,32500.5,375000.5,True,"$250,001 - $500,000",,,True
6c93a9f3546aaa56f5b4::86cec39dad12e44d66d7,synthetic-member-hotel,ZZGG,semiconductors,long,equity,2019-09-10,2023-06-20,2019-09-20,10,1379,False,underlying_adjusted_close,0.014835471508632736,1.8157882615109777,0.45493140619991435,SOXX,0.5018358396907443,1.3608568553110634,1.3139524218202334,False,32500.5,375000.5,True,"$250,001 - $500,000",,,True
6c93a9f3546aaa56f5b4::febcc6dba9051847ead7,synthetic-member-hotel,ZZGG,semiconductors,long,equity,2019-09-10,2023-12-11,2019-09-20,10,1553,False,underlying_adjusted_close,0.014835471508632736,0.7171790610287727,0.3502376201607065,SOXX,1.1176346770532852,0.36694144086806624,-0.4004556160245125,False,32500.5,375000.5,True,"$250,001 - $500,000",,,True
6c93a9f3546aaa56f5b4::open,synthetic-member-hotel,ZZGG,semiconductors,long,equity,2019-09-10,,2019-09-20,10,1939,True,underlying_adjusted_close,0.014835471508632736,0.7230713368315997,0.5421724011251616,SOXX,3.105620268548753,0.1808989357064381,-2.382548931717153,False,269498.5,375000.5,True,"$250,001 - $500,000",,,True
d504106ee6c38ea44730::open,synthetic-member-hotel,ZZGG,semiconductors,long,equity,2021-05-26,,2021-07-13,48,1315,True,underlying_adjusted_close,0.18339202776778518,0.12559858970706284,0.5142166917160287,SOXX,1.5848528254313599,-0.38861810200896585,-1.459254235724297,False,32500.5,32500.5,False,"$15,001 - $50,000",,,True
b4f01b83e7feee3c2b12::open,synthetic-member-hotel,ZZGG,semiconductors,long,etf,2021-09-01,,2021-10-19,48,1217,True,underlying_adjusted_close,0.05673619080833814,-0.16149434328351875,0.5060943545550476,SOXX,1.725576111060482,-0.6675886978385663,-1.8870704543440007,False,8000.5,8000.5,False,"$1,001 - $15,000",,,True
f8816a787e3a49475d73::open,synthetic-member-hotel,ZZGG,semiconductors,long,etf,2023-08-10,,2023-09-20,41,509,True,underlying_adjusted_close,-0.25949785690402405,-0.36488782511627116,0.1153646279351308,SOXX,1.3911047293768002,-0.48025245305140196,-1.7559925544930715,False,750000.5,750000.5,False,"$500,001 - $1,000,000",,,True
4bf4bc3ac92239cfbef4::open,synthetic-member-hotel,ZZGG,semiconductors,long,etf,2024-04-05,,2024-05-07,32,270,True,underlying_adjusted_close,-0.10642135416666665,0.0813013020833333,0.13695228264314974,SOXX,0.957680542161051,-0.05565098055981643,-0.8763792400777177,False,32500.5,32500.5,False,"$15,001 - $50,000",,,True
7222b10126fa4bc396f9::ee6cb924d851e74734b8,synthetic-member-hotel,ZZJJ,real_estate,long,equity,2019-08-12,2024-11-13,2019-09-10,29,1920,False,underlying_adjusted_close,-0.01949356617277964,0.28827936450144365,0.3856758776630951,XLRE,-0.43847720264530765,-0.09739651316165143,0.7267565671467513,False,75000.5,50000001.0,True,"over $50,000,000",,,True
7222b10126fa4bc396f9::open,synthetic-member-hotel,ZZJJ,real_estate,long,equity,2019-08-12,,2019-09-10,29,1968,True,underlying_adjusted_close,-0.01949356617277964,0.08357349474678966,0.42144925154688906,XLRE,-0.4586971277854276,-0.3378757568000994,0.5422706225322173,False,49925000.5,50000001.0,True,"over $50,000,000",,,True
8e5a26ecc360d71394aa::open,synthetic-member-hotel,ZZJJ,real_estate,long,equity,2019-12-26,,2020-01-09,14,1832,True,underlying_adjusted_close,-0.007940116051445956,-0.05393879542572655,0.412789613826235,XLRE,-0.41114617968235745,-0.4667284092519616,0.3572073842566309,False,50000001.0,50000001.0,False,"over $50,000,000",,,True
74241821171e5fd64e87::open,synthetic-member-hotel,ZZJJ,real_estate,long,equity,2024-05-30,,2024-12-31,215,215,True,underlying_adjusted_close,0.04601822742021122,0.04601822742021122,0.03923312793164624,XLRE,-0.15150114911779355,0.006785099488564983,0.19751937653800478,False,375000.5,375000.5,False,"$250,001 - $500,000",,,True
19e2d7af5aab5b10daf3::8a72b5719305b22e0f3c,synthetic-member-hotel,ZZJJ,real_estate,short,short,2020-06-05,2023-03-14,2020-06-17,12,1012,False,underlying_adjusted_close,0.01600007335277176,0.36879939850727106,0.18948541549702935,XLRE,-0.19395946976532985,0.1793139830102417,0.5627588682726009,False,8000.5,8000.5,False,"$1,001 - $15,000",,,True
0dbb82557a5161c0812c::open,synthetic-member-hotel::dependent_child,ZZAA,energy,short,option_put,2023-05-02,,2023-05-26,24,609,True,underlying_proxy_for_option,0.04202616991227237,-1.2972723174524776,0.22376485155854509,XLE,0.9409259950016275,-1.5210371690110227,-2.238198312454105,False,750000.5,750000.5,False,"$500,001 - $1,000,000",,,True
12bd21f6b48038daeca9::open,synthetic-member-hotel::dependent_child,ZZCC,technology,long,option_call,2020-04-16,,2020-05-26,40,1720,True,underlying_proxy_for_option,-0.030924226638474384,0.2294222278625071,0.4838708699251406,XLK,0.8459571888686661,-0.2544486420626335,-0.616534961006159,False,8000.5,8000.5,False,"$1,001 - $15,000",SYN-EV-010,9,True
b923ffb2f741a6d23bc0::open,synthetic-member-hotel::dependent_child,ZZDD,financials,short,short,2021-01-11,,2021-06-17,157,1450,True,underlying_adjusted_close,-0.12150840253749418,-1.144171690203207,0.46741219737357875,XLF,0.5362572901516618,-1.6115838875767858,-1.6804289803548689,False,75000.5,75000.5,False,"$50,001 - $100,000",,,True
fa04ee29284d2f7c7731::aaceb5343f528f5e29ee,synthetic-member-hotel::dependent_child,ZZEE,health_care,long,equity,2020-02-21,2020-08-11,2020-04-06,45,172,False,underlying_adjusted_close,0.08295273794381375,-0.02518321249125144,-0.08870931303546914,XLV,0.1574423527617288,0.0635261005442177,-0.18262556525298024,False,8000.5,8000.5,False,"$1,001 - $15,000",,,True
b07ef7f741cbd4e2bd7c::39479be9c7d7086af88c,synthetic-member-hotel::dependent_child,ZZEE,health_care,long,etf,2021-05-17,2024-11-18,2021-06-16,30,1281,False,underlying_adjusted_close,-0.1373827887613519,0.32900648034031743,0.45524628516568844,XLV,0.07611917177196825,-0.126239804825371,0.2528873085683492,False,8000.5,8000.5,False,"$1,001 - $15,000",,,True
55f0361865d896e975cb::open,synthetic-member-hotel::dependent_child,ZZHH,utilities,long,equity,2022-06-28,,2022-08-29,62,917,True,underlying_adjusted_close,0.08031799011256036,-0.0261702929922073,0.39938737550703096,XLU,0.38178579265304124,-0.42555766849923826,-0.40795608564524855,False,375000.5,375000.5,False,"$250,001 - $500,000",,,True
50e9eb5b88e6056bfba0::open,synthetic-member-hotel::dependent_child,ZZHH,utilities,long,equity,2023-07-18,,2023-09-01,45,532,True,underlying_adjusted_close,-0.018024138582345306,0.0210074190341345,0.12315720445267808,XLU,0.31152223110382127,-0.10214978541854358,-0.29051481206968677,False,8000.5,8000.5,False,"$1,001 - $15,000",,,True
537f5fde5301a47663c2::open,synthetic-member-hotel::dependent_child,ZZII,consumer_discretionary,long,option_call,2021-06-15,,2021-07-14,29,1295,True,underlying_proxy_for_option,0.0853840012335243,0.4561418206254937,0.5613035700042162,XLY,1.139387725662981,-0.10516174937872247,-0.6832459050374873,False,8000.5,8000.5,False,"$1,001 - $15,000",,,True
c53a52bd89f1640fced0::open,synthetic-member-hotel::dependent_child,ZZJJ,real_estate,long,option_call,2023-01-03,,2023-03-01,57,728,True,underlying_proxy_for_option,-0.08575440953115099,0.23566396739503737,0.31350558327712563,XLRE,0.026645283740638792,-0.07784161588208827,0.20901868365439857,False,75000.5,75000.5,False,"$50,001 - $100,000",,,True
80759f9d8508f89f3475::f007be01efdf84e07468,synthetic-member-hotel::joint,ZZBB,defense,long,equity,2020-10-23,2022-06-13,2020-12-24,62,598,False,underlying_adjusted_close,0.018899706968470653,0.2091027477662788,0.11218493523395989,ITA,0.2717769423998275,0.0969178125323189,-0.06267419463354873,False,32500.5,32500.5,False,"$15,001 - $50,000",,,True
3acc31e581624acd7547::d91f8c1fc895f68bb431,synthetic-member-hotel::joint,ZZBB,defense,long,equity,2023-06-08,2024-07-22,2023-07-20,42,410,False,underlying_adjusted_close,0.10683624662158109,-0.17898593287022613,0.10713559284209073,ITA,0.49230440491527117,-0.28612152571231686,-0.6712903377854973,False,8000.5,8000.5,False,"$1,001 - $15,000",SYN-EV-011,4,True
a2045485390119f50dc7::open,synthetic-member-hotel::joint,ZZII,consumer_discretionary,short,option_put,2023-01-25,,2023-03-14,48,706,True,underlying_proxy_for_option,0.10757996663772496,0.04572841953262052,0.2694890373527916,XLY,0.7649952261354256,-0.2237606178201711,-0.7192668066028051,False,175000.5,175000.5,False,"$100,001 - $250,000",,,True
49790be7968caba573bd::open,synthetic-member-hotel::joint,ZZII,consumer_discretionary,short,short,2024-10-09,,2024-11-07,29,83,True,underlying_adjusted_close,0.06396564769458846,0.13907982517267525,0.02970966396002206,XLY,0.08040076160175569,0.1093701612126532,0.058679063570919565,False,32500.5,32500.5,False,"$15,001 - $50,000",,,True
866e9bae0f0c01afb803::open,synthetic-member-hotel::spouse,ZZBB,defense,short,option_put,2023-03-31,,2023-05-16,46,641,True,underlying_proxy_for_option,0.06007216587720421,0.20131197754417907,0.28950133318375904,ITA,0.36159769259703634,-0.08818935563957997,-0.16028571505285727,False,375000.5,375000.5,False,"$250,001 - $500,000",,,True
44fa0968c8d503421969::68b935bd68c69223ba2f,synthetic-member-hotel::spouse,ZZCC,technology,long,equity,2019-12-05,2019-12-13,2019-12-23,18,8,False,underlying_adjusted_close,0.05419464694764531,0.04573088413332993,-0.006276079584210725,XLK,0.0926909781253542,0.052006963717540655,-0.04696009399202428,False,8000.5,8000.5,False,"$1,001 - $15,000",,,True
7affd7e5ea421c49e1b8::29892a529ea4070ec2aa,synthetic-member-hotel::spouse,ZZCC,technology,long,equity,2020-07-13,2023-10-09,2021-07-20,372,1183,False,underlying_adjusted_close,0.06826845678356097,0.39108687838241485,0.4150145808036163,XLK,1.471048271365532,-0.023927702421201458,-1.079961392983117,False,8000.5,75000.5,True,"$50,001 - $100,000",SYN-EV-030,1,True
7affd7e5ea421c49e1b8::open,synthetic-member-hotel::spouse,ZZCC,technology,long,equity,2020-07-13,,2021-07-20,372,1632,True,underlying_adjusted_close,0.06826845678356097,0.5203666297100678,0.5713693294390028,XLK,0.9753181850262311,-0.05100269972893501,-0.4549515553161634,False,67000.0,75000.5,True,"$50,001 - $100,000",SYN-EV-030,1,True
ff72ea69456a96c21958::open,synthetic-member-hotel::spouse,ZZCC,technology,long,equity,2024-08-26,,2024-10-22,57,127,True,underlying_adjusted_close,-0.17103165678499133,-0.25778320947256816,0.01028911025416046,XLK,-0.14148305667575134,-0.2680723197267286,-0.11630015279681682,False,8000.5,8000.5,False,"$1,001 - $15,000",,,True
2d4154a4468d6b1f43c3::open,synthetic-member-hotel::spouse,ZZCC,technology,short,option_put,2020-02-05,,2020-02-10,5,1791,True,underlying_proxy_for_option,-0.004203550764057207,-0.14243950500812175,0.5161777632991837,XLK,0.7617313875439369,-0.6586172683073055,-0.9041708925520586,False,8000.5,8000.5,False,"$1,001 - $15,000",,,True
d3a7f7596c9b438a886f::open,synthetic-member-hotel::spouse,ZZCC,technology,short,option_put,2021-05-07,,2021-06-03,27,1334,True,underlying_proxy_for_option,-0.09497915375596078,-0.7475145981897371,0.43991305356680477,XLK,0.6171160719280755,-1.1874276517565419,-1.3646306701178126,False,32500.5,32500.5,False,"$15,001 - $50,000",,,True
13e4b86001f1e0cdf06e::50a9e04032765ca3f0cb,synthetic-member-hotel::spouse,ZZDD,financials,long,equity,2022-12-13,2024-03-07,2023-01-02,20,450,False,underlying_adjusted_close,0.06860029595680817,0.4558898196855745,0.15014635912228358,XLF,0.25619397833509994,0.30574346056329094,0.19969584135047458,False,32500.5,32500.5,False,"$15,001 - $50,000",,,True
dc21f15490b5cd73b04b::open,synthetic-member-hotel::spouse,ZZEE,health_care,long,option_call,2021-01-12,,2021-03-05,52,1449,True,underlying_proxy_for_option,-0.02274266071077735,0.4340560873250585,0.45438577347837605,XLV,0.079662762579779,-0.02032968615331754,0.3543933247452795,False,32500.5,32500.5,False,"$15,001 - $50,000",,,True
5e622663627a3b65d0c4::a65cb6724cc5a7b7a42c,synthetic-member-hotel::spouse,ZZEE,health_care,short,short,2022-08-26,2024-11-15,2022-09-12,17,812,False,underlying_adjusted_close,-0.04042115117496636,-0.5980279691501502,0.3558578016224845,XLV,0.04180276782135439,-0.9538857707726347,-0.6398307369715046,False,32500.5,75000.5,True,"$50,001 - $100,000",,,True
5e622663627a3b65d0c4::open,synthetic-member-hotel::spouse,ZZEE,health_care,short,short,2022-08-26,,2022-09-12,17,858,True,underlying_adjusted_close,-0.04042115117496636,-0.5654310804973319,0.3880513975897757,XLV,0.06820480858566769,-0.9534824780871076,-0.6336358890829996,False,42500.0,75000.5,True,"$50,001 - $100,000",,,True
05abce147769dc4f1c8f::open,synthetic-member-hotel::spouse,ZZGG,semiconductors,short,short,2020-02-17,,2020-03-30,42,1779,True,underlying_adjusted_close,-0.1700258681508191,-2.254838128086541,0.5320565975120066,SOXX,3.0362420938037014,-2.7868947255985477,-5.291080221890242,False,175000.5,175000.5,False,"$100,001 - $250,000",,,True
348b6c6cd8ffa30eecf3::ee9081c6449c44b8dfbf,synthetic-member-hotel::spouse,ZZII,consumer_discretionary,long,etf,2019-12-24,2021-03-25,2020-01-23,30,457,False,underlying_adjusted_close,-0.020021535623582998,0.12480813598852603,-0.019665401908176228,XLY,0.030551490086198063,0.14447353789670225,0.09425664590232796,False,8000.5,8000.5,False,"$1,001 - $15,000",,,True
5087a07b551828f15113::open,synthetic-member-hotel::spouse,ZZII,consumer_discretionary,long,etf,2024-06-13,,2024-06-19,6,201,True,underlying_adjusted_close,-0.01111101748946064,-0.05617790547770907,0.012446539672218426,XLY,0.11736909812051799,-0.0686244451499275,-0.17354700359822706,False,375000.5,375000.5,False,"$250,001 - $500,000",,,True
